id,fecha,persona_id,codigo_prenda,talla,cantidad_prenda,tiempo
1,2018-01-01,18,PNT-CAQUI-034,36,12,00:18:00
2,2018-01-01,10,POL-SALESIANAS-037,40,6,00:09:00
3,2018-01-02,8,CAM-SFN-010,36,18,00:28:30
4,2018-01-02,5,INT-SVP-032,28,6,00:08:30
5,2018-01-02,11,INT-SMJ-030,36,12,00:18:00
6,2018-01-03,10,EXT-SMJ-016,40,6,00:09:00
7,2018-01-03,21,CAM-CAQUI-008,40,6,00:09:00
8,2018-01-04,8,FAL-SALESIANAS-023,32,18,00:27:00
9,2018-01-04,21,PNT-CAQUI-034,38,6,00:19:00
10,2018-01-04,16,VES-FATIMAS-041,30,6,00:09:00
11,2018-01-05,22,BLU-SFN-005,38,6,00:09:00
12,2018-01-05,15,INT-MALDONADO-027,40,6,00:09:00
13,2018-01-05,11,INT-SFN-029,28,18,00:27:00
14,2018-01-05,8,BLU-PLOMA-003,28,12,00:18:00
15,2018-01-06,15,FAL-SALESIANAS-023,36,6,00:09:00
16,2018-01-06,17,FAL-SALESIANAS-023,28,12,00:18:00
17,2018-01-08,5,INT-MALDONADO-027,36,6,00:08:30
18,2018-01-08,10,FAL-SVP-024,30,6,00:09:00
19,2018-01-08,17,INT-STAR-031,34,6,00:09:00
20,2018-01-08,21,PNT-CAQUI-034,28,6,00:19:00
21,2018-01-08,14,INT-MALDONADO-027,36,24,00:36:00
22,2018-01-08,15,PNT-PLOMO-035,34,12,00:18:00
23,2018-01-10,8,INT-CISNEROS-025,30,12,00:18:00
24,2018-01-11,22,FAL-SALESIANAS-023,34,18,00:27:00
25,2018-01-11,19,FAL-AZUL-019,28,6,00:09:00
26,2018-01-11,16,CAM-SFN-010,34,6,00:08:30
27,2018-01-12,11,INT-SFN-029,36,6,00:09:00
28,2018-01-12,10,PNT-AZUL-033,28,12,00:18:00
29,2018-01-15,21,BLU-REDONDO-004,38,12,00:18:00
30,2018-01-15,17,INT-MALDONADO-027,36,24,00:36:00
31,2018-01-15,20,INT-SMJ-030,32,6,00:08:00
32,2018-01-15,19,EXT-SMJ-016,34,6,00:12:00
33,2018-01-15,13,CAM-SFN-010,34,12,00:18:00
34,2018-01-16,17,CAM-SFN-010,32,6,00:09:00
35,2018-01-16,15,EXT-CISNEROS-011,28,18,00:27:00
36,2018-01-16,10,CAM-PLOMO-009,32,18,00:27:00
37,2018-01-17,20,EXT-CISNEROS-011,30,18,00:39:00
38,2018-01-17,19,POL-SALESIANAS-037,36,6,00:09:00
39,2018-01-18,5,FAL-SALESIANAS-023,28,12,00:17:00
40,2018-01-18,10,CAM-BLANCA-007,38,6,00:09:00
41,2018-01-19,19,CAM-SFN-010,36,12,00:18:00
42,2018-01-20,20,EXT-SFN-015,36,12,00:26:00
43,2018-01-20,5,INT-SMJ-030,28,6,00:08:30
44,2018-01-20,13,EXT-MALDONADO-013,40,18,00:43:30
45,2018-01-20,16,EXT-SALESIANAS-014,32,6,00:09:00
46,2018-01-22,14,EXT-MJM-012,28,6,00:09:00
47,2018-01-22,5,VES-FATIMAS-041,28,6,00:18:00
48,2018-01-22,13,VES-SMJ-043,28,24,01:12:00
49,2018-01-23,13,INT-SMJ-030,30,12,00:14:00
50,2018-01-23,5,EXT-CISNEROS-011,38,12,00:24:00
51,2018-01-23,15,POL-STAR-039,34,6,00:09:00
52,2018-01-24,14,CAM-SFN-010,32,12,00:17:00
53,2018-01-24,21,CAM-CAQUI-008,40,12,00:18:00
54,2018-01-25,19,PNT-PLOMO-035,34,18,00:27:00
55,2018-01-25,8,EXT-SVP-018,36,6,00:09:00
56,2018-01-26,14,BLU-PLOMA-003,28,6,00:06:30
57,2018-01-26,16,INT-MALDONADO-027,30,18,00:27:00
58,2018-01-27,8,FAL-AZUL-019,38,6,00:09:00
59,2018-01-29,14,POL-SVP-040,34,12,00:18:00
60,2018-01-29,21,FAL-ISABELGODIN-021,28,24,00:36:00
61,2018-01-30,10,CAM-CAQUI-008,38,6,00:09:00
62,2018-02-01,16,INT-CISNEROS-025,28,24,00:36:00
63,2018-02-01,15,EXT-SALESIANAS-014,30,6,00:09:00
64,2018-02-01,21,INT-SALESIANAS-028,30,18,00:27:00
65,2018-02-01,13,INT-MALDONADO-027,38,6,00:07:00
66,2018-02-03,22,CAM-SFN-010,32,12,00:17:00
67,2018-02-03,15,FAL-CAQUI-020,38,6,00:09:00
68,2018-02-03,19,BLU-CAQUI-001,38,12,00:18:00
69,2018-02-03,11,CAM-CAQUI-008,36,18,00:27:00
70,2018-02-03,13,POL-SVP-040,36,12,00:06:00
71,2018-02-05,10,EXT-SFN-015,34,18,00:27:00
72,2018-02-05,15,POL-STAR-039,38,12,00:18:00
73,2018-02-05,19,FAL-PLOMA-022,30,6,00:09:00
74,2018-02-06,20,POL-SFN-038,32,12,00:08:00
75,2018-02-06,5,POL-SFN-038,38,6,00:03:00
76,2018-02-07,22,EXT-SVP-018,28,6,00:09:00
77,2018-02-08,14,BLU-SFN-005,40,12,00:13:00
78,2018-02-08,10,POL-STAR-039,40,6,00:09:00
79,2018-02-08,11,POL-STAR-039,32,18,00:27:00
80,2018-02-08,22,CAM-BLANCA-007,40,24,00:34:00
81,2018-02-08,19,BLU-SPORT-006,36,18,00:27:00
82,2018-02-09,11,FAL-PLOMA-022,38,18,00:27:00
83,2018-02-10,15,INT-MALDONADO-027,30,24,00:36:00
84,2018-02-10,16,POL-BLANCA-036,32,12,00:18:00
85,2018-02-12,18,EXT-SALESIANAS-014,40,12,00:25:00
86,2018-02-12,11,BLU-REDONDO-004,34,24,00:36:00
87,2018-02-12,5,BLU-PLOMA-003,36,6,00:06:00
88,2018-02-12,8,BLU-CAQUI-001,30,6,00:09:00
89,2018-02-12,21,EXT-SFN-015,36,12,00:18:00
90,2018-02-12,13,INT-MJM-026,30,24,00:28:00
91,2018-02-13,8,POL-SFN-038,36,18,00:12:00
92,2018-02-13,20,INT-CISNEROS-025,38,24,00:32:00
93,2018-02-13,13,INT-SALESIANAS-028,38,12,00:14:00
94,2018-02-13,18,CAM-SFN-010,28,18,00:27:00
95,2018-02-13,11,EXT-CISNEROS-011,32,12,00:18:00
96,2018-02-14,13,INT-SFN-029,34,6,00:07:00
97,2018-02-15,17,PNT-PLOMO-035,38,12,00:18:00
98,2018-02-15,21,POL-STAR-039,38,6,00:09:00
99,2018-02-15,16,VES-MJM-042,28,18,00:27:00
100,2018-02-16,17,FAL-SVP-024,32,18,00:27:00
101,2018-02-16,5,BLU-PLOMA-003,38,18,00:18:00
102,2018-02-16,11,EXT-SALESIANAS-014,28,6,00:09:00
103,2018-02-16,15,PNT-CAQUI-034,34,12,00:18:00
104,2018-02-16,13,INT-SALESIANAS-028,36,12,00:14:00
105,2018-02-17,8,BLU-SPORT-006,36,6,00:09:00
106,2018-02-17,18,EXT-SMJ-016,28,6,00:12:30
107,2018-02-17,20,EXT-STAR-017,34,6,00:13:00
108,2018-02-17,21,EXT-STAR-017,30,6,00:09:00
109,2018-02-19,16,POL-STAR-039,36,6,00:09:00
110,2018-02-19,11,VES-MJM-042,30,6,00:09:00
111,2018-02-19,10,CAM-CAQUI-008,28,24,00:36:00
112,2018-02-19,13,BLU-REDONDO-004,34,24,00:24:00
113,2018-02-20,16,FAL-SVP-024,28,18,00:27:00
114,2018-02-21,20,EXT-CISNEROS-011,28,6,00:13:00
115,2018-02-21,14,INT-CISNEROS-025,36,12,00:18:00
116,2018-02-21,16,POL-SFN-038,28,6,00:09:00
117,2018-02-22,21,EXT-STAR-017,36,6,00:09:00
118,2018-02-23,15,BLU-REDONDO-004,28,18,00:21:00
119,2018-02-23,16,INT-SVP-032,38,12,00:18:00
120,2018-02-23,5,EXT-SMJ-016,32,6,00:12:00
121,2018-02-23,18,EXT-MALDONADO-013,36,12,00:25:00
122,2018-02-23,21,CAM-BLANCA-007,30,6,00:09:00
123,2018-02-23,11,PNT-CAQUI-034,36,6,00:09:00
124,2018-02-26,8,VES-FATIMAS-041,32,6,00:09:00
125,2018-02-26,16,POL-STAR-039,28,18,00:27:00
126,2018-02-26,17,INT-STAR-031,28,12,00:18:00
127,2018-02-26,14,CAM-BLANCA-007,34,12,00:17:00
128,2018-02-26,5,FAL-SVP-024,28,18,00:25:30
129,2018-02-27,20,VES-FATIMAS-041,34,18,00:58:30
130,2018-02-27,16,BLU-PUNTA-002,30,12,00:14:00
131,2018-02-28,11,INT-SFN-029,28,6,00:09:00
132,2018-03-01,19,FAL-SVP-024,30,18,00:27:00
133,2018-03-01,18,EXT-SFN-015,34,12,00:25:00
134,2018-03-01,10,INT-STAR-031,34,6,00:09:00
135,2018-03-01,22,VES-MJM-042,40,6,00:09:00
136,2018-03-02,22,INT-SMJ-030,36,6,00:09:00
137,2018-03-02,11,BLU-PUNTA-002,32,6,00:09:00
138,2018-03-03,17,INT-MALDONADO-027,40,18,00:27:00
139,2018-03-03,15,INT-SVP-032,34,12,00:18:00
140,2018-03-03,11,POL-STAR-039,38,12,00:18:00
141,2018-03-03,18,INT-STAR-031,32,6,00:08:00
142,2018-03-05,22,CAM-CAQUI-008,38,18,00:25:30
143,2018-03-05,11,BLU-SFN-005,28,6,00:09:00
144,2018-03-05,15,FAL-PLOMA-022,30,18,00:27:00
145,2018-03-05,20,FAL-SVP-024,38,18,00:28:30
146,2018-03-05,17,FAL-ISABELGODIN-021,34,12,00:18:00
147,2018-03-06,15,VES-SMJ-043,28,18,00:27:00
148,2018-03-06,16,POL-SALESIANAS-037,30,6,00:09:00
149,2018-03-08,14,CAM-BLANCA-007,32,6,00:08:30
150,2018-03-08,16,EXT-STAR-017,28,6,00:09:00
151,2018-03-09,11,PNT-CAQUI-034,32,12,00:18:00
152,2018-03-10,11,BLU-PUNTA-002,36,12,00:18:00
153,2018-03-12,10,BLU-PUNTA-002,38,18,00:27:00
154,2018-03-12,11,EXT-MALDONADO-013,40,6,00:09:00
155,2018-03-12,20,INT-SFN-029,32,24,00:32:00
156,2018-03-13,18,POL-STAR-039,32,12,00:18:00
157,2018-03-13,13,INT-SMJ-030,34,18,00:21:00
158,2018-03-14,15,EXT-STAR-017,32,6,00:09:00
159,2018-03-15,17,BLU-PLOMA-003,36,18,00:27:00
160,2018-03-15,18,POL-STAR-039,32,12,00:18:00
161,2018-03-16,19,FAL-SALESIANAS-023,36,6,00:09:00
162,2018-03-16,13,EXT-SMJ-016,34,24,00:58:00
163,2018-03-17,20,INT-MJM-026,30,18,00:24:00
164,2018-03-17,21,INT-SVP-032,30,18,00:27:00
165,2018-03-17,17,PNT-AZUL-033,36,12,00:18:00
166,2018-03-17,22,INT-SFN-029,32,12,00:18:00
167,2018-03-17,5,INT-CISNEROS-025,40,6,00:08:30
168,2018-03-19,21,EXT-STAR-017,34,6,00:09:00
169,2018-03-19,17,EXT-SMJ-016,28,6,00:09:00
170,2018-03-19,14,BLU-SFN-005,38,12,00:13:00
171,2018-03-19,11,CAM-SFN-010,36,6,00:09:00
172,2018-03-19,22,CAM-PLOMO-009,38,12,00:17:00
173,2018-03-20,22,INT-SVP-032,38,18,00:27:00
174,2018-03-20,13,CAM-CAQUI-008,36,6,00:09:00
175,2018-03-21,18,EXT-SMJ-016,34,12,00:25:00
176,2018-03-21,5,FAL-SALESIANAS-023,36,12,00:17:00
177,2018-03-21,20,INT-STAR-031,30,24,00:32:00
178,2018-03-23,20,BLU-CAQUI-001,34,18,00:27:00
179,2018-03-23,8,EXT-CISNEROS-011,30,6,00:09:00
180,2018-03-24,18,BLU-CAQUI-001,40,12,00:18:00
181,2018-03-24,11,EXT-SVP-018,36,6,00:09:00
182,2018-03-26,18,EXT-STAR-017,38,6,00:12:30
183,2018-03-26,22,INT-STAR-031,28,6,00:09:00
184,2018-03-26,11,BLU-CAQUI-001,40,6,00:09:00
185,2018-03-26,8,BLU-PUNTA-002,28,18,00:27:00
186,2018-03-26,20,POL-SALESIANAS-037,40,6,00:04:00
187,2018-03-26,17,INT-MALDONADO-027,28,6,00:09:00
188,2018-03-26,19,EXT-SMJ-016,38,12,00:24:00
189,2018-03-26,16,FAL-SVP-024,36,12,00:18:00
190,2018-03-26,21,FAL-AZUL-019,36,6,00:09:00
191,2018-03-26,10,BLU-SFN-005,38,6,00:09:00
192,2018-03-27,18,INT-CISNEROS-025,32,12,00:16:00
193,2018-03-27,14,CAM-SFN-010,32,6,00:08:30
194,2018-03-28,21,INT-SALESIANAS-028,38,6,00:09:00
195,2018-03-28,16,BLU-PUNTA-002,40,12,00:14:00
196,2018-03-28,22,INT-MALDONADO-027,38,12,00:18:00
197,2018-03-28,10,INT-SALESIANAS-028,28,12,00:18:00
198,2018-03-28,20,INT-MALDONADO-027,40,12,00:16:00
199,2018-03-29,19,POL-STAR-039,38,6,00:09:00
200,2018-03-30,18,BLU-PUNTA-002,30,6,00:09:00
201,2018-04-03,10,BLU-REDONDO-004,34,12,00:18:00
202,2018-04-09,21,BLU-PLOMA-003,34,12,00:18:00
203,2018-04-11,20,BLU-PLOMA-003,36,12,00:18:00
204,2018-04-17,5,EXT-SFN-015,32,6,00:12:00
205,2018-04-18,14,FAL-AZUL-019,34,12,00:18:00
206,2018-04-23,19,INT-MJM-026,40,12,00:16:00
207,2018-04-30,11,CAM-BLANCA-007,28,6,00:09:00
208,2018-05-07,14,EXT-CISNEROS-011,34,18,00:27:00
209,2018-05-12,14,FAL-AZUL-019,34,12,00:18:00
210,2018-05-17,14,INT-STAR-031,36,6,00:09:00
211,2018-05-26,13,CAM-SFN-010,38,12,00:18:00
212,2018-06-06,8,POL-SALESIANAS-037,34,12,00:08:00
213,2018-06-07,17,EXT-CISNEROS-011,28,12,00:18:00
214,2018-06-11,14,INT-SFN-029,36,6,00:09:00
215,2018-06-15,15,PNT-PLOMO-035,40,6,00:09:00
216,2018-06-18,17,INT-SVP-032,38,6,00:09:00
217,2018-06-19,8,FAL-CAQUI-020,36,24,00:36:00
218,2018-06-22,16,CAM-BLANCA-007,38,12,00:17:00
219,2018-06-26,14,BLU-SPORT-006,28,12,00:13:00
220,2018-06-27,14,POL-STAR-039,32,24,00:36:00
221,2018-06-28,22,INT-CISNEROS-025,38,12,00:18:00
222,2018-07-10,8,EXT-SFN-015,30,6,00:09:00
223,2018-07-12,10,PNT-PLOMO-035,32,18,00:27:00
224,2018-07-14,22,PNT-PLOMO-035,30,6,00:09:00
225,2018-07-17,13,EXT-MJM-012,40,6,00:14:30
226,2018-07-21,21,FAL-PLOMA-022,34,6,00:09:00
227,2018-08-03,5,POL-SVP-040,30,12,00:06:00
228,2018-08-04,10,INT-SVP-032,38,6,00:09:00
229,2018-08-06,11,FAL-SALESIANAS-023,28,18,00:27:00
230,2018-08-06,16,INT-SMJ-030,28,24,00:36:00
231,2018-08-07,11,FAL-SALESIANAS-023,38,12,00:18:00
232,2018-08-08,16,INT-CISNEROS-025,34,18,00:27:00
233,2018-08-08,15,VES-MJM-042,28,18,00:27:00
234,2018-08-09,14,EXT-SMJ-016,32,6,00:09:00
235,2018-08-09,13,POL-SFN-038,40,18,00:09:00
236,2018-08-10,13,FAL-SALESIANAS-023,40,12,00:18:00
237,2018-08-13,10,FAL-SVP-024,34,24,00:36:00
238,2018-08-13,17,BLU-CAQUI-001,34,24,00:36:00
239,2018-08-14,13,FAL-ISABELGODIN-021,34,12,00:18:00
240,2018-08-16,21,INT-STAR-031,32,6,00:09:00
241,2018-08-17,18,EXT-SALESIANAS-014,38,6,00:12:30
242,2018-08-20,10,EXT-MJM-012,38,6,00:09:00
243,2018-08-20,8,BLU-SFN-005,36,12,00:18:00
244,2018-08-21,8,INT-MALDONADO-027,30,6,00:09:00
245,2018-08-23,18,CAM-BLANCA-007,32,12,00:18:00
246,2018-08-23,15,EXT-CISNEROS-011,30,6,00:09:00
247,2018-08-27,15,BLU-PUNTA-002,32,18,00:21:00
248,2018-08-27,19,EXT-SALESIANAS-014,38,6,00:12:00
249,2018-08-27,16,PNT-PLOMO-035,28,6,00:09:00
250,2018-08-28,14,VES-SMJ-043,32,6,00:09:00
251,2018-08-30,17,CAM-BLANCA-007,36,6,00:09:00
252,2019-01-02,22,CAM-BLANCA-007,32,6,00:08:30
253,2019-01-02,11,BLU-PLOMA-003,40,24,00:36:00
254,2019-01-02,21,BLU-SFN-005,30,12,00:18:00
255,2019-01-03,18,VES-SMJ-043,34,12,00:18:00
256,2019-01-03,5,EXT-SALESIANAS-014,36,18,00:36:00
257,2019-01-03,11,PNT-PLOMO-035,38,6,00:09:00
258,2019-01-04,21,FAL-ISABELGODIN-021,40,18,00:27:00
259,2019-01-04,22,EXT-SALESIANAS-014,40,12,00:18:00
260,2019-01-05,18,FAL-CAQUI-020,32,12,00:18:00
261,2019-01-05,19,INT-SMJ-030,28,6,00:08:00
262,2019-01-05,5,EXT-SVP-018,40,24,00:48:00
263,2019-01-07,8,POL-STAR-039,28,24,00:16:00
264,2019-01-07,15,INT-MJM-026,40,6,00:09:00
265,2019-01-07,19,INT-MJM-026,32,12,00:16:00
266,2019-01-07,11,VES-FATIMAS-041,28,12,00:18:00
267,2019-01-07,21,VES-SMJ-043,30,18,00:27:00
268,2019-01-07,16,FAL-ISABELGODIN-021,36,18,00:27:00
269,2019-01-08,8,VES-MJM-042,36,6,00:09:00
270,2019-01-09,5,INT-STAR-031,32,18,00:25:30
271,2019-01-09,19,PNT-PLOMO-035,38,12,00:18:00
272,2019-01-09,22,POL-SALESIANAS-037,28,6,00:09:00
273,2019-01-09,15,CAM-PLOMO-009,28,18,00:27:00
274,2019-01-09,20,FAL-PLOMA-022,30,6,00:09:30
275,2019-01-11,21,INT-SVP-032,40,12,00:18:00
276,2019-01-11,11,BLU-PLOMA-003,38,12,00:18:00
277,2019-01-11,22,FAL-PLOMA-022,30,6,00:09:00
278,2019-01-11,10,FAL-AZUL-019,40,12,00:18:00
279,2019-01-12,14,BLU-PLOMA-003,36,12,00:13:00
280,2019-01-12,11,INT-SALESIANAS-028,32,6,00:09:00
281,2019-01-12,22,INT-SMJ-030,34,18,00:27:00
282,2019-01-14,14,VES-FATIMAS-041,34,6,00:09:00
283,2019-01-14,10,INT-MJM-026,32,18,00:27:00
284,2019-01-14,18,INT-CISNEROS-025,32,6,00:08:00
285,2019-01-14,16,EXT-CISNEROS-011,30,12,00:18:00
286,2019-01-14,15,EXT-MALDONADO-013,38,6,00:09:00
287,2019-01-14,11,EXT-MJM-012,34,12,00:18:00
288,2019-01-14,19,CAM-CAQUI-008,28,12,00:18:00
289,2019-01-15,10,EXT-MALDONADO-013,40,12,00:18:00
290,2019-01-15,14,POL-BLANCA-036,34,6,00:09:00
291,2019-01-15,15,POL-SVP-040,30,18,00:27:00
292,2019-01-15,17,EXT-SFN-015,28,18,00:27:00
293,2019-01-16,15,VES-MJM-042,32,18,00:27:00
294,2019-01-16,5,BLU-SFN-005,38,6,00:06:00
295,2019-01-16,20,INT-MALDONADO-027,38,18,00:24:00
296,2019-01-17,14,VES-MJM-042,28,6,00:09:00
297,2019-01-17,13,FAL-SVP-024,40,12,00:18:00
298,2019-01-18,15,VES-SMJ-043,36,24,00:36:00
299,2019-01-19,20,POL-STAR-039,34,12,00:08:00
300,2019-01-19,5,FAL-SVP-024,34,24,00:34:00
301,2019-01-19,8,BLU-PLOMA-003,32,6,00:09:00
302,2019-01-21,16,INT-SFN-029,34,18,00:27:00
303,2019-01-21,10,EXT-SMJ-016,38,24,00:36:00
304,2019-01-21,11,INT-STAR-031,28,24,00:36:00
305,2019-01-21,14,EXT-SALESIANAS-014,40,6,00:09:00
306,2019-01-21,22,INT-SVP-032,38,12,00:18:00
307,2019-01-21,20,CAM-CAQUI-008,36,6,00:08:30
308,2019-01-22,20,CAM-CAQUI-008,34,6,00:08:30
309,2019-01-22,18,FAL-SALESIANAS-023,36,6,00:09:00
310,2019-01-22,14,INT-MALDONADO-027,38,6,00:09:00
311,2019-01-22,10,PNT-CAQUI-034,28,6,00:09:00
312,2019-01-22,11,EXT-SALESIANAS-014,28,12,00:18:00
313,2019-01-23,19,VES-MJM-042,32,24,00:36:00
314,2019-01-23,21,POL-SFN-038,28,18,00:27:00
315,2019-01-23,8,FAL-PLOMA-022,34,12,00:18:00
316,2019-01-23,16,INT-SALESIANAS-028,28,12,00:18:00
317,2019-01-23,20,CAM-PLOMO-009,30,24,00:34:00
318,2019-01-24,14,INT-CISNEROS-025,34,12,00:18:00
319,2019-01-24,16,CAM-PLOMO-009,32,6,00:08:30
320,2019-01-24,13,BLU-SPORT-006,28,6,00:06:00
321,2019-01-24,22,FAL-CAQUI-020,36,12,00:18:00
322,2019-01-25,19,CAM-CAQUI-008,34,12,00:18:00
323,2019-01-25,10,EXT-SVP-018,30,12,00:18:00
324,2019-01-25,18,POL-BLANCA-036,36,6,00:09:00
325,2019-01-25,22,BLU-PLOMA-003,34,18,00:27:00
326,2019-01-25,11,EXT-SVP-018,40,24,00:36:00
327,2019-01-26,22,PNT-PLOMO-035,34,18,00:27:00
328,2019-01-26,15,POL-SFN-038,36,6,00:09:00
329,2019-01-28,16,CAM-BLANCA-007,34,18,00:25:30
330,2019-01-28,13,BLU-REDONDO-004,40,6,00:06:00
331,2019-01-28,14,PNT-AZUL-033,36,6,00:09:00
332,2019-01-28,5,INT-MALDONADO-027,40,6,00:08:30
333,2019-01-28,21,INT-STAR-031,38,24,00:36:00
334,2019-01-28,15,POL-STAR-039,30,6,00:09:00
335,2019-01-28,8,POL-STAR-039,28,18,00:12:00
336,2019-01-29,5,INT-SFN-029,34,6,00:08:30
337,2019-01-29,8,VES-SMJ-043,36,24,00:36:00
338,2019-01-29,19,INT-SMJ-030,32,18,00:24:00
339,2019-01-29,14,EXT-STAR-017,40,6,00:09:00
340,2019-01-30,15,BLU-PUNTA-002,30,6,00:07:00
341,2019-01-30,16,EXT-SALESIANAS-014,34,12,00:18:00
342,2019-01-30,20,EXT-STAR-017,38,6,00:13:00
343,2019-02-01,13,INT-MJM-026,28,6,00:07:00
344,2019-02-02,14,INT-MALDONADO-027,36,6,00:09:00
345,2019-02-02,20,INT-SALESIANAS-028,30,12,00:16:00
346,2019-02-02,18,PNT-PLOMO-035,34,12,00:18:00
347,2019-02-04,21,POL-SALESIANAS-037,38,12,00:18:00
348,2019-02-04,18,PNT-AZUL-033,40,18,00:27:00
349,2019-02-04,10,EXT-STAR-017,30,6,00:09:00
350,2019-02-04,22,INT-SALESIANAS-028,38,24,00:36:00
351,2019-02-04,20,PNT-CAQUI-034,30,12,00:36:00
352,2019-02-05,22,FAL-CAQUI-020,30,18,00:27:00
353,2019-02-05,21,BLU-SPORT-006,38,18,00:27:00
354,2019-02-05,16,EXT-SVP-018,30,12,00:18:00
355,2019-02-06,15,PNT-AZUL-033,38,18,00:27:00
356,2019-02-06,14,FAL-SALESIANAS-023,40,12,00:18:00
357,2019-02-07,14,FAL-ISABELGODIN-021,28,18,00:27:00
358,2019-02-07,19,INT-MJM-026,28,6,00:08:00
359,2019-02-07,22,FAL-ISABELGODIN-021,30,6,00:09:00
360,2019-02-07,21,BLU-REDONDO-004,28,18,00:27:00
361,2019-02-07,20,POL-SFN-038,40,6,00:04:00
362,2019-02-08,16,EXT-SVP-018,36,6,00:09:00
363,2019-02-11,18,BLU-CAQUI-001,34,6,00:09:00
364,2019-02-11,21,EXT-MALDONADO-013,34,18,00:27:00
365,2019-02-11,16,FAL-CAQUI-020,30,6,00:09:00
366,2019-02-11,5,POL-SFN-038,32,18,00:09:00
367,2019-02-11,20,PNT-PLOMO-035,38,6,00:18:00
368,2019-02-12,20,BLU-PUNTA-002,36,6,00:09:00
369,2019-02-12,8,BLU-PUNTA-002,38,18,00:27:00
370,2019-02-12,10,POL-STAR-039,40,18,00:27:00
371,2019-02-13,17,BLU-PLOMA-003,32,18,00:27:00
372,2019-02-13,18,POL-SVP-040,28,6,00:09:00
373,2019-02-14,16,BLU-PUNTA-002,38,6,00:07:00
374,2019-02-14,10,INT-MJM-026,30,6,00:09:00
375,2019-02-15,17,POL-SALESIANAS-037,30,6,00:09:00
376,2019-02-15,15,FAL-PLOMA-022,36,24,00:36:00
377,2019-02-15,14,VES-FATIMAS-041,32,24,00:36:00
378,2019-02-16,16,EXT-SFN-015,28,12,00:18:00
379,2019-02-18,16,BLU-SPORT-006,28,24,00:28:00
380,2019-02-18,11,CAM-SFN-010,34,12,00:18:00
381,2019-02-18,21,BLU-REDONDO-004,34,24,00:36:00
382,2019-02-19,20,CAM-SFN-010,28,12,00:17:00
383,2019-02-19,10,POL-BLANCA-036,34,6,00:09:00
384,2019-02-20,5,POL-SALESIANAS-037,34,6,00:03:00
385,2019-02-20,11,CAM-PLOMO-009,30,24,00:36:00
386,2019-02-20,13,FAL-SVP-024,38,6,00:09:00
387,2019-02-20,8,VES-MJM-042,28,18,00:27:00
388,2019-02-20,22,INT-SFN-029,30,6,00:09:00
389,2019-02-20,21,POL-SVP-040,38,6,00:09:00
390,2019-02-20,18,PNT-AZUL-033,28,24,00:36:00
391,2019-02-21,5,FAL-PLOMA-022,38,18,00:25:30
392,2019-02-21,11,EXT-MJM-012,40,6,00:09:00
393,2019-02-21,19,INT-SFN-029,28,6,00:08:00
394,2019-02-22,13,POL-SVP-040,34,12,00:06:00
395,2019-02-22,21,INT-SFN-029,28,6,00:09:00
396,2019-02-22,10,EXT-SVP-018,38,18,00:27:00
397,2019-02-23,18,POL-STAR-039,30,12,00:18:00
398,2019-02-23,14,FAL-ISABELGODIN-021,32,6,00:09:00
399,2019-02-23,10,FAL-PLOMA-022,40,6,00:09:00
400,2019-02-23,20,INT-MJM-026,40,6,00:08:00
401,2019-02-23,15,EXT-MJM-012,30,6,00:09:00
402,2019-02-23,16,CAM-BLANCA-007,28,12,00:17:00
403,2019-02-25,18,VES-FATIMAS-041,36,6,00:09:00
404,2019-02-25,16,POL-SVP-040,40,18,00:27:00
405,2019-02-25,8,EXT-SVP-018,38,18,00:27:00
406,2019-02-25,19,EXT-CISNEROS-011,36,6,00:12:00
407,2019-02-25,5,PNT-PLOMO-035,32,6,00:19:00
408,2019-02-25,20,BLU-PLOMA-003,28,12,00:18:00
409,2019-02-25,15,POL-SFN-038,34,12,00:18:00
410,2019-02-25,13,FAL-PLOMA-022,34,18,00:27:00
411,2019-02-26,13,CAM-CAQUI-008,34,6,00:09:00
412,2019-02-26,18,PNT-PLOMO-035,28,6,00:09:00
413,2019-02-26,21,INT-SALESIANAS-028,36,6,00:09:00
414,2019-02-26,15,EXT-SVP-018,32,24,00:36:00
415,2019-02-27,21,BLU-PLOMA-003,32,6,00:09:00
416,2019-02-27,5,VES-FATIMAS-041,30,18,00:54:00
417,2019-02-27,8,PNT-CAQUI-034,34,18,00:27:00
418,2019-02-27,13,BLU-PLOMA-003,34,6,00:06:00
419,2019-02-27,17,BLU-PUNTA-002,32,12,00:18:00
420,2019-03-01,21,FAL-SALESIANAS-023,36,6,00:09:00
421,2019-03-01,14,FAL-SALESIANAS-023,28,6,00:09:00
422,2019-03-01,16,VES-MJM-042,30,24,00:36:00
423,2019-03-01,5,INT-SMJ-030,34,6,00:08:30
424,2019-03-01,10,BLU-SPORT-006,28,12,00:18:00
425,2019-03-02,17,BLU-CAQUI-001,34,12,00:18:00
426,2019-03-04,15,POL-SVP-040,32,12,00:18:00
427,2019-03-04,13,BLU-PUNTA-002,38,24,00:24:00
428,2019-03-04,20,EXT-MALDONADO-013,32,12,00:26:00
429,2019-03-04,8,CAM-SFN-010,40,18,00:28:30
430,2019-03-04,10,PNT-AZUL-033,36,12,00:18:00
431,2019-03-04,17,EXT-SFN-015,36,6,00:09:00
432,2019-03-05,10,CAM-BLANCA-007,34,6,00:09:00
433,2019-03-06,20,CAM-BLANCA-007,32,6,00:08:30
434,2019-03-07,22,FAL-PLOMA-022,38,6,00:09:00
435,2019-03-07,14,VES-FATIMAS-041,40,6,00:09:00
436,2019-03-07,19,FAL-PLOMA-022,28,24,00:36:00
437,2019-03-07,10,POL-SALESIANAS-037,40,12,00:18:00
438,2019-03-08,22,FAL-CAQUI-020,40,18,00:27:00
439,2019-03-08,20,INT-STAR-031,32,18,00:24:00
440,2019-03-09,17,POL-BLANCA-036,40,12,00:18:00
441,2019-03-09,10,FAL-PLOMA-022,36,6,00:09:00
442,2019-03-09,16,EXT-SMJ-016,40,24,00:36:00
443,2019-03-09,8,BLU-SFN-005,38,24,00:36:00
444,2019-03-09,21,CAM-SFN-010,36,6,00:09:00
445,2019-03-09,19,VES-MJM-042,36,12,00:18:00
446,2019-03-09,18,POL-STAR-039,38,6,00:09:00
447,2019-03-11,21,INT-SFN-029,36,18,00:27:00
448,2019-03-11,18,FAL-PLOMA-022,32,6,00:09:00
449,2019-03-11,8,VES-FATIMAS-041,30,18,00:27:00
450,2019-03-11,20,FAL-ISABELGODIN-021,38,12,00:19:00
451,2019-03-11,17,EXT-SFN-015,28,12,00:18:00
452,2019-03-12,22,PNT-PLOMO-035,32,12,00:18:00
453,2019-03-12,18,EXT-SMJ-016,38,24,00:50:00
454,2019-03-12,11,FAL-AZUL-019,32,12,00:18:00
455,2019-03-13,21,POL-SALESIANAS-037,32,18,00:27:00
456,2019-03-13,18,INT-SVP-032,30,12,00:16:00
457,2019-03-13,19,VES-SMJ-043,40,18,00:27:00
458,2019-03-13,17,VES-FATIMAS-041,32,18,00:27:00
459,2019-03-14,14,BLU-SFN-005,36,6,00:06:30
460,2019-03-14,19,FAL-SALESIANAS-023,36,24,00:36:00
461,2019-03-14,17,EXT-CISNEROS-011,34,18,00:27:00
462,2019-03-15,19,INT-SFN-029,36,24,00:32:00
463,2019-03-18,16,INT-SFN-029,34,12,00:18:00
464,2019-03-18,5,POL-SFN-038,34,6,00:03:00
465,2019-03-18,22,FAL-ISABELGODIN-021,40,18,00:27:00
466,2019-03-18,14,FAL-ISABELGODIN-021,30,12,00:18:00
467,2019-03-19,20,INT-SFN-029,38,12,00:16:00
468,2019-03-20,5,VES-FATIMAS-041,40,18,00:54:00
469,2019-03-20,8,INT-MALDONADO-027,34,6,00:09:00
470,2019-03-20,14,BLU-CAQUI-001,30,6,00:08:30
471,2019-03-21,16,FAL-ISABELGODIN-021,28,12,00:18:00
472,2019-03-23,16,BLU-SPORT-006,30,12,00:14:00
473,2019-03-23,17,BLU-SFN-005,28,24,00:36:00
474,2019-03-23,8,INT-SALESIANAS-028,28,18,00:27:00
475,2019-03-25,20,BLU-PUNTA-002,36,24,00:36:00
476,2019-03-25,18,EXT-CISNEROS-011,28,24,00:50:00
477,2019-03-25,5,BLU-REDONDO-004,30,6,00:06:00
478,2019-03-25,16,FAL-SVP-024,36,18,00:27:00
479,2019-03-25,15,FAL-SVP-024,40,12,00:18:00
480,2019-03-26,18,POL-BLANCA-036,28,6,00:09:00
481,2019-03-26,5,EXT-SVP-018,28,24,00:48:00
482,2019-03-26,16,FAL-AZUL-019,34,6,00:09:00
483,2019-03-26,17,EXT-SMJ-016,30,6,00:09:00
484,2019-03-26,13,FAL-ISABELGODIN-021,40,24,00:36:00
485,2019-03-27,16,VES-SMJ-043,38,18,00:27:00
486,2019-03-28,14,INT-SVP-032,32,24,00:36:00
487,2019-03-29,11,EXT-MJM-012,30,6,00:09:00
488,2019-03-30,21,INT-SVP-032,28,6,00:09:00
489,2019-03-30,8,EXT-SMJ-016,40,12,00:18:00
490,2019-04-09,16,EXT-SVP-018,32,6,00:09:00
491,2019-04-11,18,INT-SFN-029,36,12,00:16:00
492,2019-04-16,22,INT-MJM-026,40,12,00:18:00
493,2019-04-16,13,POL-BLANCA-036,36,18,00:09:00
494,2019-04-16,16,CAM-BLANCA-007,30,12,00:17:00
495,2019-04-22,5,FAL-ISABELGODIN-021,38,12,00:17:00
496,2019-04-22,16,CAM-SFN-010,28,12,00:17:00
497,2019-04-27,10,CAM-BLANCA-007,38,18,00:27:00
498,2019-05-09,17,PNT-CAQUI-034,30,12,00:18:00
499,2019-05-10,14,EXT-MJM-012,30,6,00:09:00
500,2019-05-10,18,EXT-MALDONADO-013,36,6,00:12:30
501,2019-05-17,18,CAM-CAQUI-008,28,6,00:09:00
502,2019-05-25,8,CAM-CAQUI-008,30,18,00:28:30
503,2019-05-27,20,INT-CISNEROS-025,38,18,00:24:00
504,2019-05-28,14,POL-SFN-038,38,6,00:09:00
505,2019-06-08,11,INT-STAR-031,34,6,00:09:00
506,2019-06-08,21,VES-FATIMAS-041,32,6,00:09:00
507,2019-06-14,16,INT-SVP-032,30,6,00:09:00
508,2019-06-20,19,BLU-PUNTA-002,38,18,00:27:00
509,2019-07-01,14,FAL-CAQUI-020,40,18,00:27:00
510,2019-07-01,22,INT-MJM-026,28,6,00:09:00
511,2019-07-08,15,EXT-CISNEROS-011,32,12,00:18:00
512,2019-07-09,8,FAL-AZUL-019,30,6,00:09:00
513,2019-07-10,18,EXT-SVP-018,30,18,00:37:30
514,2019-07-15,18,FAL-CAQUI-020,34,6,00:09:00
515,2019-07-15,16,POL-BLANCA-036,32,6,00:09:00
516,2019-07-22,5,EXT-SFN-015,30,6,00:12:00
517,2019-07-22,10,BLU-PUNTA-002,38,6,00:09:00
518,2019-07-23,14,INT-STAR-031,36,24,00:36:00
519,2019-07-26,14,POL-SFN-038,30,6,00:09:00
520,2019-07-29,15,BLU-SPORT-006,40,18,00:21:00
521,2019-08-01,8,EXT-SFN-015,32,6,00:09:00
522,2019-08-01,16,CAM-SFN-010,30,12,00:17:00
523,2019-08-03,19,INT-SALESIANAS-028,36,6,00:08:00
524,2019-08-06,21,PNT-CAQUI-034,32,24,01:16:00
525,2019-08-06,22,EXT-CISNEROS-011,36,6,00:09:00
526,2019-08-06,14,BLU-SFN-005,38,6,00:06:30
527,2019-08-07,21,EXT-SMJ-016,38,12,00:18:00
528,2019-08-07,20,EXT-SVP-018,28,12,00:26:00
529,2019-08-10,20,EXT-MALDONADO-013,32,18,00:39:00
530,2019-08-14,21,EXT-SMJ-016,36,6,00:09:00
531,2019-08-15,10,BLU-PLOMA-003,40,18,00:27:00
532,2019-08-16,19,CAM-SFN-010,30,24,00:36:00
533,2019-08-16,14,CAM-PLOMO-009,36,6,00:08:30
534,2019-08-17,15,EXT-SFN-015,40,6,00:09:00
535,2019-08-19,22,PNT-CAQUI-034,34,6,00:09:00
536,2019-08-19,17,EXT-CISNEROS-011,36,24,00:36:00
537,2019-08-19,14,PNT-CAQUI-034,28,12,00:18:00
538,2019-08-20,14,POL-SFN-038,28,24,00:36:00
539,2019-08-20,22,BLU-SFN-005,40,12,00:18:00
540,2019-08-21,10,BLU-CAQUI-001,30,6,00:09:00
541,2019-08-26,11,FAL-SVP-024,28,6,00:09:00
542,2019-08-26,18,FAL-AZUL-019,32,18,00:27:00
543,2019-08-26,8,EXT-MALDONADO-013,38,12,00:18:00
544,2019-08-27,22,BLU-REDONDO-004,36,12,00:18:00
545,2019-08-28,11,BLU-PLOMA-003,34,12,00:18:00
546,2019-08-28,16,EXT-MALDONADO-013,38,12,00:18:00
547,2019-08-29,10,CAM-BLANCA-007,32,12,00:18:00
548,2019-08-30,16,EXT-MJM-012,30,6,00:09:00
549,2019-08-31,21,VES-SMJ-043,38,12,00:18:00
550,2022-01-01,10,INT-STAR-031,34,18,00:27:00
551,2022-01-01,20,BLU-PLOMA-003,32,12,00:18:00
552,2022-01-03,5,EXT-SVP-018,36,12,00:24:00
553,2022-01-03,17,FAL-ISABELGODIN-021,34,18,00:27:00
554,2022-01-03,22,EXT-MJM-012,28,12,00:18:00
555,2022-01-03,21,INT-SALESIANAS-028,32,24,00:36:00
556,2022-01-03,10,FAL-CAQUI-020,32,12,00:18:00
557,2022-01-03,16,BLU-CAQUI-001,38,6,00:09:00
558,2022-01-03,15,EXT-STAR-017,36,18,00:27:00
559,2022-01-03,14,EXT-CISNEROS-011,40,12,00:18:00
560,2022-01-03,8,FAL-SALESIANAS-023,34,24,00:36:00
561,2022-01-03,18,FAL-CAQUI-020,38,18,00:27:00
562,2022-01-04,20,EXT-SMJ-016,40,6,00:13:00
563,2022-01-04,14,INT-SFN-029,30,6,00:09:00
564,2022-01-04,10,EXT-SVP-018,40,6,00:09:00
565,2022-01-04,13,VES-MJM-042,36,18,00:54:00
566,2022-01-04,11,CAM-CAQUI-008,34,6,00:09:00
567,2022-01-05,10,INT-SFN-029,38,6,00:09:00
568,2022-01-06,15,EXT-CISNEROS-011,32,18,00:27:00
569,2022-01-06,5,EXT-SFN-015,36,6,00:12:00
570,2022-01-06,17,VES-SMJ-043,30,6,00:09:00
571,2022-01-06,11,POL-SVP-040,34,18,00:27:00
572,2022-01-07,8,BLU-CAQUI-001,36,12,00:18:00
573,2022-01-07,22,INT-MALDONADO-027,30,18,00:27:00
574,2022-01-07,11,INT-STAR-031,34,24,00:36:00
575,2022-01-07,19,INT-SVP-032,30,6,00:08:00
576,2022-01-07,5,CAM-CAQUI-008,32,18,00:25:30
577,2022-01-08,5,BLU-SFN-005,28,12,00:12:00
578,2022-01-08,21,INT-MALDONADO-027,40,24,00:36:00
579,2022-01-08,20,CAM-PLOMO-009,34,12,00:17:00
580,2022-01-08,18,EXT-SVP-018,38,18,00:37:30
581,2022-01-08,13,FAL-SVP-024,32,6,00:09:00
582,2022-01-08,19,INT-MALDONADO-027,28,12,00:16:00
583,2022-01-08,8,INT-SFN-029,36,12,00:18:00
584,2022-01-08,15,FAL-ISABELGODIN-021,38,6,00:09:00
585,2022-01-08,14,EXT-SVP-018,32,18,00:27:00
586,2022-01-10,5,INT-MALDONADO-027,28,6,00:08:30
587,2022-01-10,19,EXT-STAR-017,28,12,00:24:00
588,2022-01-10,15,INT-SALESIANAS-028,36,6,00:09:00
589,2022-01-10,18,PNT-CAQUI-034,28,6,00:09:00
590,2022-01-10,13,PNT-AZUL-033,36,6,00:18:00
591,2022-01-10,20,CAM-CAQUI-008,36,18,00:25:30
592,2022-01-10,14,FAL-SALESIANAS-023,38,12,00:18:00
593,2022-01-10,11,INT-SMJ-030,38,12,00:18:00
594,2022-01-11,21,CAM-BLANCA-007,28,6,00:09:00
595,2022-01-11,19,INT-CISNEROS-025,30,18,00:24:00
596,2022-01-12,19,CAM-SFN-010,30,18,00:27:00
597,2022-01-12,5,EXT-SFN-015,40,6,00:12:00
598,2022-01-12,11,EXT-SVP-018,40,24,00:36:00
599,2022-01-12,20,FAL-SALESIANAS-023,38,6,00:09:30
600,2022-01-13,22,INT-SALESIANAS-028,32,6,00:09:00
601,2022-01-13,18,INT-SALESIANAS-028,30,12,00:16:00
602,2022-01-14,20,INT-MJM-026,40,12,00:16:00
603,2022-01-14,22,VES-MJM-042,28,6,00:09:00
604,2022-01-14,14,INT-SMJ-030,40,24,00:36:00
605,2022-01-14,19,CAM-BLANCA-007,34,6,00:09:00
606,2022-01-14,8,POL-SFN-038,30,6,00:04:00
607,2022-01-15,14,EXT-SMJ-016,40,18,00:27:00
608,2022-01-15,15,BLU-PLOMA-003,40,6,00:07:00
609,2022-01-15,19,POL-BLANCA-036,28,6,00:09:00
610,2022-01-15,11,FAL-SALESIANAS-023,36,6,00:09:00
611,2022-01-17,17,FAL-AZUL-019,30,18,00:27:00
612,2022-01-17,11,EXT-CISNEROS-011,40,12,00:18:00
613,2022-01-17,16,FAL-SVP-024,38,12,00:18:00
614,2022-01-17,5,BLU-PUNTA-002,32,6,00:06:00
615,2022-01-17,19,EXT-SVP-018,32,18,00:36:00
616,2022-01-17,20,FAL-ISABELGODIN-021,40,18,00:28:30
617,2022-01-17,22,FAL-AZUL-019,40,12,00:18:00
618,2022-01-17,21,BLU-PUNTA-002,36,6,00:09:00
619,2022-01-17,13,INT-MJM-026,32,12,00:14:00
620,2022-01-17,15,POL-SALESIANAS-037,36,6,00:09:00
621,2022-01-17,18,BLU-PLOMA-003,40,12,00:18:00
622,2022-01-17,10,POL-SVP-040,38,6,00:09:00
623,2022-01-18,20,BLU-PLOMA-003,30,6,00:09:00
624,2022-01-19,20,FAL-SALESIANAS-023,32,6,00:09:30
625,2022-01-19,17,EXT-SVP-018,32,6,00:09:00
626,2022-01-19,5,PNT-AZUL-033,30,12,00:38:00
627,2022-01-19,10,FAL-SALESIANAS-023,38,6,00:09:00
628,2022-01-20,14,BLU-REDONDO-004,38,6,00:06:30
629,2022-01-20,17,FAL-AZUL-019,38,24,00:36:00
630,2022-01-20,18,INT-CISNEROS-025,30,12,00:16:00
631,2022-01-21,20,INT-STAR-031,32,18,00:24:00
632,2022-01-22,10,FAL-SALESIANAS-023,40,6,00:09:00
633,2022-01-22,5,BLU-CAQUI-001,32,18,00:25:30
634,2022-01-22,19,VES-SMJ-043,28,6,00:09:00
635,2022-01-22,8,INT-SVP-032,38,24,00:36:00
636,2022-01-24,20,EXT-SFN-015,40,6,00:13:00
637,2022-01-24,14,POL-SALESIANAS-037,32,6,00:09:00
638,2022-01-24,11,PNT-CAQUI-034,36,24,00:36:00
639,2022-01-24,8,PNT-PLOMO-035,32,6,00:09:00
640,2022-01-24,17,PNT-AZUL-033,34,6,00:09:00
641,2022-01-25,8,PNT-CAQUI-034,28,24,00:36:00
642,2022-01-25,22,POL-BLANCA-036,38,6,00:09:00
643,2022-01-25,16,EXT-MALDONADO-013,36,18,00:27:00
644,2022-01-25,11,EXT-MJM-012,28,12,00:18:00
645,2022-01-26,10,PNT-AZUL-033,34,6,00:09:00
646,2022-01-26,20,INT-MJM-026,30,6,00:08:00
647,2022-01-26,5,EXT-SVP-018,30,6,00:12:00
648,2022-01-27,11,POL-SFN-038,40,18,00:27:00
649,2022-01-27,8,FAL-PLOMA-022,40,18,00:27:00
650,2022-01-27,16,INT-SALESIANAS-028,30,12,00:18:00
651,2022-01-27,5,EXT-SFN-015,34,18,00:36:00
652,2022-01-28,5,VES-FATIMAS-041,34,6,00:18:00
653,2022-01-28,20,INT-SMJ-030,30,6,00:08:00
654,2022-01-28,13,PNT-AZUL-033,28,18,00:54:00
655,2022-01-28,14,POL-SVP-040,38,6,00:09:00
656,2022-01-29,10,BLU-REDONDO-004,36,6,00:09:00
657,2022-01-31,16,POL-BLANCA-036,36,18,00:27:00
658,2022-01-31,8,POL-SVP-040,38,12,00:08:00
659,2022-01-31,22,EXT-MALDONADO-013,40,18,00:27:00
660,2022-01-31,5,INT-SVP-032,30,6,00:08:30
661,2022-01-31,13,CAM-PLOMO-009,28,6,00:09:00
662,2022-02-01,11,EXT-MALDONADO-013,40,24,00:36:00
663,2022-02-01,16,EXT-STAR-017,32,12,00:18:00
664,2022-02-01,20,CAM-CAQUI-008,36,6,00:08:30
665,2022-02-01,21,INT-SVP-032,38,18,00:27:00
666,2022-02-02,8,EXT-STAR-017,30,12,00:18:00
667,2022-02-03,22,CAM-BLANCA-007,34,18,00:25:30
668,2022-02-03,19,EXT-CISNEROS-011,30,12,00:24:00
669,2022-02-04,14,EXT-SMJ-016,40,18,00:27:00
670,2022-02-04,21,VES-MJM-042,36,18,00:27:00
671,2022-02-05,8,CAM-BLANCA-007,38,24,00:38:00
672,2022-02-05,14,INT-SALESIANAS-028,36,18,00:27:00
673,2022-02-07,8,FAL-SVP-024,34,12,00:18:00
674,2022-02-07,11,CAM-CAQUI-008,34,12,00:18:00
675,2022-02-07,20,EXT-STAR-017,34,12,00:26:00
676,2022-02-07,17,FAL-AZUL-019,28,12,00:18:00
677,2022-02-07,18,EXT-SFN-015,34,12,00:25:00
678,2022-02-07,22,FAL-SVP-024,34,18,00:27:00
679,2022-02-07,14,BLU-SPORT-006,30,6,00:06:30
680,2022-02-08,8,EXT-SVP-018,40,24,00:36:00
681,2022-02-08,13,PNT-AZUL-033,28,6,00:18:00
682,2022-02-08,14,POL-STAR-039,30,24,00:36:00
683,2022-02-08,18,EXT-SALESIANAS-014,36,12,00:25:00
684,2022-02-09,20,VES-MJM-042,30,12,00:39:00
685,2022-02-09,11,PNT-PLOMO-035,36,6,00:09:00
686,2022-02-09,22,FAL-CAQUI-020,32,12,00:18:00
687,2022-02-10,15,POL-SVP-040,36,18,00:27:00
688,2022-02-10,13,POL-STAR-039,28,12,00:06:00
689,2022-02-10,8,BLU-PUNTA-002,40,18,00:27:00
690,2022-02-10,11,EXT-CISNEROS-011,36,24,00:36:00
691,2022-02-10,10,POL-BLANCA-036,40,12,00:18:00
692,2022-02-11,22,VES-MJM-042,38,6,00:09:00
693,2022-02-11,16,FAL-SALESIANAS-023,30,18,00:27:00
694,2022-02-11,8,VES-MJM-042,36,12,00:18:00
695,2022-02-11,17,BLU-CAQUI-001,30,24,00:36:00
696,2022-02-11,13,EXT-CISNEROS-011,30,12,00:29:00
697,2022-02-12,13,PNT-CAQUI-034,34,18,00:54:00
698,2022-02-12,14,BLU-REDONDO-004,30,18,00:19:30
699,2022-02-12,19,PNT-AZUL-033,38,12,00:18:00
700,2022-02-12,10,BLU-PLOMA-003,30,12,00:18:00
701,2022-02-12,17,EXT-MALDONADO-013,36,18,00:27:00
702,2022-02-12,15,BLU-REDONDO-004,32,6,00:07:00
703,2022-02-12,16,POL-STAR-039,34,12,00:18:00
704,2022-02-14,13,BLU-SPORT-006,40,6,00:06:00
705,2022-02-14,15,CAM-BLANCA-007,36,18,00:27:00
706,2022-02-14,18,POL-STAR-039,40,12,00:18:00
707,2022-02-14,14,CAM-SFN-010,30,18,00:25:30
708,2022-02-14,19,POL-SFN-038,40,6,00:09:00
709,2022-02-14,11,FAL-PLOMA-022,34,12,00:18:00
710,2022-02-14,21,FAL-ISABELGODIN-021,36,6,00:09:00
711,2022-02-14,8,POL-SFN-038,30,6,00:04:00
712,2022-02-15,11,EXT-SFN-015,36,24,00:36:00
713,2022-02-15,18,BLU-PUNTA-002,34,12,00:18:00
714,2022-02-15,10,EXT-MALDONADO-013,36,12,00:18:00
715,2022-02-15,17,CAM-PLOMO-009,28,6,00:09:00
716,2022-02-16,21,PNT-AZUL-033,30,18,00:57:00
717,2022-02-16,20,BLU-SPORT-006,36,18,00:27:00
718,2022-02-16,11,CAM-BLANCA-007,30,18,00:27:00
719,2022-02-16,22,CAM-SFN-010,34,12,00:17:00
720,2022-02-17,13,POL-STAR-039,36,6,00:03:00
721,2022-02-17,14,BLU-SPORT-006,32,12,00:13:00
722,2022-02-17,18,VES-FATIMAS-041,30,6,00:09:00
723,2022-02-17,15,EXT-CISNEROS-011,28,18,00:27:00
724,2022-02-18,11,FAL-SVP-024,40,6,00:09:00
725,2022-02-18,16,FAL-SVP-024,36,24,00:36:00
726,2022-02-18,10,PNT-PLOMO-035,36,12,00:18:00
727,2022-02-18,17,FAL-ISABELGODIN-021,36,18,00:27:00
728,2022-02-18,13,VES-MJM-042,38,6,00:18:00
729,2022-02-18,5,CAM-PLOMO-009,40,12,00:17:00
730,2022-02-19,11,BLU-PLOMA-003,40,6,00:09:00
731,2022-02-19,5,FAL-CAQUI-020,30,18,00:25:30
732,2022-02-19,21,PNT-PLOMO-035,30,12,00:38:00
733,2022-02-19,10,EXT-MJM-012,36,6,00:09:00
734,2022-02-19,14,BLU-REDONDO-004,38,18,00:19:30
735,2022-02-19,16,BLU-CAQUI-001,28,24,00:36:00
736,2022-02-19,15,EXT-SVP-018,32,6,00:09:00
737,2022-02-21,20,BLU-CAQUI-001,38,18,00:27:00
738,2022-02-21,8,BLU-SPORT-006,30,18,00:27:00
739,2022-02-21,18,CAM-SFN-010,34,18,00:27:00
740,2022-02-21,17,INT-SVP-032,30,24,00:36:00
741,2022-02-22,16,POL-SFN-038,34,18,00:27:00
742,2022-02-22,13,VES-MJM-042,38,24,01:12:00
743,2022-02-22,15,FAL-CAQUI-020,32,6,00:09:00
744,2022-02-22,18,VES-SMJ-043,28,6,00:09:00
745,2022-02-22,22,FAL-SVP-024,38,18,00:27:00
746,2022-02-23,13,INT-CISNEROS-025,38,12,00:14:00
747,2022-02-23,22,BLU-PLOMA-003,32,6,00:09:00
748,2022-02-23,21,VES-MJM-042,32,6,00:09:00
749,2022-02-23,19,INT-SVP-032,30,12,00:16:00
750,2022-02-24,20,EXT-SMJ-016,30,12,00:26:00
751,2022-02-24,22,PNT-CAQUI-034,38,12,00:18:00
752,2022-02-24,18,EXT-SMJ-016,34,6,00:12:30
753,2022-02-24,19,INT-SVP-032,40,12,00:16:00
754,2022-02-24,8,FAL-PLOMA-022,34,6,00:09:00
755,2022-02-24,15,EXT-CISNEROS-011,38,6,00:09:00
756,2022-02-25,22,BLU-CAQUI-001,38,6,00:09:00
757,2022-02-25,18,VES-SMJ-043,30,18,00:27:00
758,2022-02-25,13,EXT-SVP-018,32,6,00:14:30
759,2022-02-25,20,BLU-PLOMA-003,28,12,00:18:00
760,2022-02-25,16,CAM-PLOMO-009,36,12,00:17:00
761,2022-02-26,13,BLU-SFN-005,36,12,00:12:00
762,2022-02-26,14,POL-SVP-040,36,6,00:09:00
763,2022-02-26,22,FAL-SVP-024,36,6,00:09:00
764,2022-02-28,22,VES-FATIMAS-041,36,18,00:27:00
765,2022-02-28,20,EXT-MJM-012,34,18,00:39:00
766,2022-02-28,14,INT-SMJ-030,28,6,00:09:00
767,2022-02-28,21,INT-MALDONADO-027,30,6,00:09:00
768,2022-02-28,5,CAM-PLOMO-009,38,24,00:34:00
769,2022-02-28,10,CAM-BLANCA-007,40,6,00:09:00
770,2022-02-28,17,INT-SVP-032,32,6,00:09:00
771,2022-02-28,15,BLU-SPORT-006,28,6,00:07:00
772,2022-02-28,19,FAL-CAQUI-020,38,12,00:18:00
773,2022-02-28,8,INT-MJM-026,38,24,00:36:00
774,2022-02-28,13,BLU-CAQUI-001,36,6,00:09:00
775,2022-02-28,11,FAL-SVP-024,34,12,00:18:00
776,2022-02-28,18,CAM-CAQUI-008,34,6,00:09:00
777,2022-02-28,16,FAL-SALESIANAS-023,36,24,00:36:00
778,2022-03-01,13,CAM-SFN-010,34,18,00:27:00
779,2022-03-01,11,POL-SVP-040,30,6,00:09:00
780,2022-03-01,15,EXT-MJM-012,32,24,00:36:00
781,2022-03-02,18,INT-MJM-026,28,18,00:24:00
782,2022-03-02,11,EXT-SALESIANAS-014,34,6,00:09:00
783,2022-03-02,10,POL-SVP-040,36,6,00:09:00
784,2022-03-02,13,PNT-CAQUI-034,38,18,00:54:00
785,2022-03-03,5,FAL-CAQUI-020,34,12,00:17:00
786,2022-03-04,10,EXT-SFN-015,28,18,00:27:00
787,2022-03-04,14,PNT-PLOMO-035,40,18,00:27:00
788,2022-03-04,8,INT-SMJ-030,28,12,00:18:00
789,2022-03-04,17,BLU-SFN-005,32,12,00:18:00
790,2022-03-04,19,PNT-PLOMO-035,40,6,00:09:00
791,2022-03-05,16,FAL-SALESIANAS-023,36,24,00:36:00
792,2022-03-05,5,INT-MJM-026,28,6,00:08:30
793,2022-03-05,22,POL-STAR-039,40,6,00:09:00
794,2022-03-05,13,EXT-SMJ-016,28,6,00:14:30
795,2022-03-07,8,CAM-SFN-010,32,18,00:28:30
796,2022-03-07,11,POL-SVP-040,30,18,00:27:00
797,2022-03-07,19,EXT-SALESIANAS-014,28,12,00:24:00
798,2022-03-07,5,FAL-PLOMA-022,30,12,00:17:00
799,2022-03-07,21,INT-CISNEROS-025,36,6,00:09:00
800,2022-03-08,10,EXT-MJM-012,36,12,00:18:00
801,2022-03-08,15,BLU-SFN-005,34,12,00:14:00
802,2022-03-09,11,POL-STAR-039,40,6,00:09:00
803,2022-03-10,11,BLU-CAQUI-001,28,18,00:27:00
804,2022-03-10,13,PNT-CAQUI-034,30,18,00:54:00
805,2022-03-10,14,INT-STAR-031,30,18,00:27:00
806,2022-03-10,20,POL-STAR-039,40,6,00:04:00
807,2022-03-10,15,BLU-PLOMA-003,34,24,00:28:00
808,2022-03-11,13,CAM-BLANCA-007,32,18,00:27:00
809,2022-03-11,21,POL-SVP-040,28,6,00:09:00
810,2022-03-11,20,CAM-BLANCA-007,36,6,00:08:30
811,2022-03-11,11,VES-SMJ-043,30,6,00:09:00
812,2022-03-12,16,BLU-REDONDO-004,36,12,00:14:00
813,2022-03-12,10,FAL-ISABELGODIN-021,30,24,00:36:00
814,2022-03-12,18,EXT-MALDONADO-013,38,18,00:37:30
815,2022-03-12,11,CAM-CAQUI-008,36,6,00:09:00
816,2022-03-14,11,INT-MJM-026,36,18,00:27:00
817,2022-03-14,18,VES-MJM-042,36,6,00:09:00
818,2022-03-14,5,BLU-PUNTA-002,32,18,00:18:00
819,2022-03-14,8,PNT-CAQUI-034,32,6,00:09:00
820,2022-03-14,17,VES-FATIMAS-041,38,18,00:27:00
821,2022-03-14,14,VES-MJM-042,36,12,00:18:00
822,2022-03-14,16,VES-SMJ-043,40,6,00:09:00
823,2022-03-15,19,EXT-SMJ-016,40,12,00:24:00
824,2022-03-15,17,BLU-REDONDO-004,30,12,00:18:00
825,2022-03-16,16,EXT-MALDONADO-013,34,18,00:27:00
826,2022-03-16,19,POL-SFN-038,36,6,00:09:00
827,2022-03-17,11,EXT-SALESIANAS-014,36,6,00:09:00
828,2022-03-18,8,INT-SMJ-030,38,6,00:09:00
829,2022-03-18,16,INT-SVP-032,28,18,00:27:00
830,2022-03-18,15,EXT-SALESIANAS-014,28,6,00:09:00
831,2022-03-19,15,FAL-SALESIANAS-023,32,12,00:18:00
832,2022-03-19,5,BLU-SFN-005,34,18,00:18:00
833,2022-03-21,10,PNT-AZUL-033,34,6,00:09:00
834,2022-03-21,16,BLU-PUNTA-002,34,6,00:07:00
835,2022-03-21,17,CAM-PLOMO-009,32,24,00:36:00
836,2022-03-21,14,PNT-PLOMO-035,38,24,00:36:00
837,2022-03-21,13,EXT-MJM-012,40,18,00:43:30
838,2022-03-22,8,VES-FATIMAS-041,30,6,00:09:00
839,2022-03-22,16,EXT-SFN-015,40,24,00:36:00
840,2022-03-22,13,EXT-STAR-017,38,12,00:29:00
841,2022-03-23,8,INT-SVP-032,32,6,00:09:00
842,2022-03-23,15,EXT-STAR-017,30,6,00:09:00
843,2022-03-23,22,FAL-ISABELGODIN-021,34,6,00:09:00
844,2022-03-23,16,FAL-PLOMA-022,32,6,00:09:00
845,2022-03-23,11,FAL-AZUL-019,32,24,00:36:00
846,2022-03-24,19,PNT-CAQUI-034,30,12,00:18:00
847,2022-03-24,15,EXT-CISNEROS-011,40,24,00:36:00
848,2022-03-24,14,BLU-CAQUI-001,40,6,00:08:30
849,2022-03-25,21,VES-FATIMAS-041,40,18,00:27:00
850,2022-03-25,10,INT-CISNEROS-025,34,6,00:09:00
851,2022-03-25,15,BLU-CAQUI-001,28,12,00:18:00
852,2022-03-25,18,BLU-REDONDO-004,38,6,00:09:00
853,2022-03-25,19,INT-SMJ-030,40,6,00:08:00
854,2022-03-26,11,VES-FATIMAS-041,36,6,00:09:00
855,2022-03-26,17,INT-STAR-031,34,6,00:09:00
856,2022-03-26,5,EXT-CISNEROS-011,32,12,00:24:00
857,2022-03-26,8,INT-MJM-026,38,18,00:27:00
858,2022-03-28,11,EXT-MJM-012,40,6,00:09:00
859,2022-03-29,21,POL-STAR-039,28,12,00:18:00
860,2022-03-30,10,BLU-PUNTA-002,36,6,00:09:00
861,2022-03-30,19,INT-CISNEROS-025,30,24,00:32:00
862,2022-04-05,8,PNT-PLOMO-035,36,18,00:27:00
863,2022-04-11,19,INT-SALESIANAS-028,30,12,00:16:00
864,2022-04-15,17,FAL-AZUL-019,38,24,00:36:00
865,2022-04-19,10,CAM-PLOMO-009,32,12,00:18:00
866,2022-04-28,5,INT-SALESIANAS-028,30,6,00:08:30
867,2022-05-05,15,INT-CISNEROS-025,30,6,00:09:00
868,2022-05-05,5,CAM-BLANCA-007,40,6,00:08:30
869,2022-05-10,14,POL-SFN-038,28,6,00:09:00
870,2022-05-14,14,POL-SVP-040,30,12,00:18:00
871,2022-05-16,11,EXT-SALESIANAS-014,36,12,00:18:00
872,2022-05-18,19,POL-SALESIANAS-037,30,18,00:27:00
873,2022-05-19,16,BLU-SPORT-006,32,6,00:07:00
874,2022-05-25,19,VES-SMJ-043,32,12,00:18:00
875,2022-05-26,5,PNT-CAQUI-034,40,12,00:38:00
876,2022-05-28,16,FAL-CAQUI-020,34,18,00:27:00
877,2022-05-30,20,FAL-CAQUI-020,34,6,00:09:30
878,2022-05-30,16,BLU-CAQUI-001,40,12,00:18:00
879,2022-06-03,16,FAL-PLOMA-022,32,6,00:09:00
880,2022-06-04,10,FAL-SALESIANAS-023,38,6,00:09:00
881,2022-06-04,13,FAL-PLOMA-022,40,24,00:36:00
882,2022-06-10,17,FAL-PLOMA-022,32,12,00:18:00
883,2022-06-10,20,POL-SALESIANAS-037,28,6,00:04:00
884,2022-06-14,17,EXT-STAR-017,38,6,00:09:00
885,2022-06-18,14,FAL-SVP-024,38,6,00:09:00
886,2022-06-20,13,EXT-MJM-012,40,12,00:29:00
887,2022-06-23,18,FAL-SALESIANAS-023,40,18,00:27:00
888,2022-07-02,13,VES-SMJ-043,28,18,00:54:00
889,2022-07-04,21,BLU-SFN-005,38,12,00:18:00
890,2022-07-06,21,INT-CISNEROS-025,36,6,00:09:00
891,2022-07-19,16,EXT-SVP-018,40,6,00:09:00
892,2022-07-22,5,EXT-SMJ-016,34,24,00:48:00
893,2022-07-23,19,CAM-BLANCA-007,32,6,00:09:00
894,2022-07-25,19,EXT-CISNEROS-011,38,6,00:12:00
895,2022-07-26,20,FAL-ISABELGODIN-021,28,6,00:09:30
896,2022-07-27,15,CAM-SFN-010,40,12,00:18:00
897,2022-07-28,20,INT-SMJ-030,28,6,00:08:00
898,2022-07-29,22,POL-SALESIANAS-037,36,24,00:36:00
899,2022-07-30,20,VES-MJM-042,32,12,00:39:00
900,2022-07-30,15,BLU-SPORT-006,38,24,00:28:00
901,2022-07-30,21,CAM-SFN-010,34,18,00:27:00
902,2022-08-01,19,EXT-MALDONADO-013,38,12,00:24:00
903,2022-08-03,5,POL-STAR-039,36,12,00:06:00
904,2022-08-03,21,BLU-CAQUI-001,28,12,00:18:00
905,2022-08-05,14,BLU-REDONDO-004,38,6,00:06:30
906,2022-08-06,17,INT-SVP-032,28,6,00:09:00
907,2022-08-06,19,VES-FATIMAS-041,34,12,00:18:00
908,2022-08-08,18,FAL-PLOMA-022,30,6,00:09:00
909,2022-08-08,16,PNT-CAQUI-034,40,18,00:27:00
910,2022-08-09,21,PNT-PLOMO-035,40,18,00:57:00
911,2022-08-11,14,INT-SVP-032,30,6,00:09:00
912,2022-08-12,14,EXT-MJM-012,28,24,00:36:00
913,2022-08-12,15,FAL-SALESIANAS-023,40,6,00:09:00
914,2022-08-15,21,VES-SMJ-043,28,6,00:09:00
915,2022-08-15,11,EXT-MJM-012,34,18,00:27:00
916,2022-08-15,19,VES-SMJ-043,40,12,00:18:00
917,2022-08-15,20,INT-SFN-029,30,6,00:08:00
918,2022-08-16,11,EXT-SMJ-016,38,18,00:27:00
919,2022-08-18,15,FAL-SVP-024,40,6,00:09:00
920,2022-08-18,13,VES-FATIMAS-041,36,6,00:18:00
921,2022-08-19,20,FAL-SALESIANAS-023,38,18,00:28:30
922,2022-08-20,8,EXT-MALDONADO-013,40,12,00:18:00
923,2022-08-22,19,VES-MJM-042,36,6,00:09:00
924,2022-08-22,21,INT-SFN-029,28,18,00:27:00
925,2022-08-23,21,FAL-ISABELGODIN-021,32,12,00:18:00
926,2022-08-23,20,POL-STAR-039,30,6,00:04:00
927,2022-08-23,18,CAM-BLANCA-007,30,6,00:09:00
928,2022-08-23,10,BLU-PLOMA-003,40,24,00:36:00
929,2022-08-23,8,POL-BLANCA-036,38,12,00:08:00
930,2022-08-24,20,BLU-PLOMA-003,30,6,00:09:00
931,2022-08-25,16,BLU-PLOMA-003,34,6,00:07:00
932,2022-08-25,20,PNT-AZUL-033,40,24,01:12:00
933,2022-08-27,11,CAM-CAQUI-008,38,24,00:36:00
934,2022-08-27,15,POL-SFN-038,28,6,00:09:00
935,2022-08-27,14,CAM-PLOMO-009,28,6,00:08:30
936,2022-08-29,18,POL-STAR-039,30,6,00:09:00
937,2022-08-30,22,POL-SVP-040,32,6,00:09:00
938,2022-08-30,14,POL-BLANCA-036,38,18,00:27:00
939,2022-08-30,18,EXT-SMJ-016,40,18,00:37:30
940,2022-08-31,19,VES-FATIMAS-041,28,6,00:09:00
941,2023-01-02,5,BLU-PUNTA-002,40,12,00:12:00
942,2023-01-02,19,EXT-SFN-015,34,12,00:24:00
943,2023-01-02,21,CAM-PLOMO-009,28,6,00:09:00
944,2023-01-02,20,FAL-SALESIANAS-023,34,12,00:19:00
945,2023-01-02,10,EXT-STAR-017,40,12,00:18:00
946,2023-01-02,17,INT-SVP-032,38,6,00:09:00
947,2023-01-02,14,POL-SFN-038,38,12,00:18:00
948,2023-01-03,14,EXT-MALDONADO-013,38,24,00:36:00
949,2023-01-03,16,INT-STAR-031,30,18,00:27:00
950,2023-01-03,22,VES-MJM-042,32,6,00:09:00
951,2023-01-06,8,EXT-STAR-017,40,12,00:18:00
952,2023-01-06,13,FAL-SALESIANAS-023,30,24,00:36:00
953,2023-01-06,14,EXT-SFN-015,40,24,00:36:00
954,2023-01-06,18,BLU-REDONDO-004,28,12,00:18:00
955,2023-01-06,21,INT-SFN-029,28,12,00:18:00
956,2023-01-07,15,POL-SFN-038,34,18,00:27:00
957,2023-01-07,11,PNT-AZUL-033,36,12,00:18:00
958,2023-01-07,8,VES-MJM-042,40,6,00:09:00
959,2023-01-07,5,POL-SFN-038,32,6,00:03:00
960,2023-01-07,10,FAL-SALESIANAS-023,34,6,00:09:00
961,2023-01-09,17,INT-MALDONADO-027,36,12,00:18:00
962,2023-01-09,14,BLU-SPORT-006,38,18,00:19:30
963,2023-01-09,10,FAL-ISABELGODIN-021,40,12,00:18:00
964,2023-01-09,20,POL-STAR-039,40,6,00:04:00
965,2023-01-10,10,EXT-STAR-017,32,12,00:18:00
966,2023-01-11,20,CAM-SFN-010,30,6,00:08:30
967,2023-01-11,13,INT-MALDONADO-027,36,12,00:14:00
968,2023-01-11,21,POL-SALESIANAS-037,30,6,00:09:00
969,2023-01-11,15,CAM-CAQUI-008,32,12,00:18:00
970,2023-01-12,5,VES-SMJ-043,32,6,00:18:00
971,2023-01-12,17,INT-MJM-026,28,6,00:09:00
972,2023-01-12,16,BLU-PUNTA-002,30,6,00:07:00
973,2023-01-13,21,FAL-SVP-024,36,18,00:27:00
974,2023-01-13,20,EXT-SMJ-016,30,6,00:13:00
975,2023-01-14,21,INT-MALDONADO-027,38,6,00:09:00
976,2023-01-14,22,BLU-PLOMA-003,38,12,00:18:00
977,2023-01-14,10,INT-SMJ-030,34,18,00:27:00
978,2023-01-14,15,EXT-SFN-015,38,12,00:18:00
979,2023-01-17,18,BLU-SFN-005,34,24,00:36:00
980,2023-01-17,22,PNT-PLOMO-035,28,12,00:18:00
981,2023-01-17,15,INT-SMJ-030,28,6,00:09:00
982,2023-01-17,11,VES-FATIMAS-041,28,24,00:36:00
983,2023-01-18,22,BLU-PUNTA-002,28,12,00:18:00
984,2023-01-18,13,POL-STAR-039,28,6,00:03:00
985,2023-01-19,5,BLU-PUNTA-002,28,6,00:06:00
986,2023-01-19,11,FAL-PLOMA-022,32,6,00:09:00
987,2023-01-20,16,CAM-CAQUI-008,32,18,00:25:30
988,2023-01-21,8,POL-SFN-038,28,6,00:04:00
989,2023-01-21,20,INT-SMJ-030,30,18,00:24:00
990,2023-01-23,10,INT-CISNEROS-025,28,12,00:18:00
991,2023-01-23,5,BLU-SPORT-006,28,6,00:06:00
992,2023-01-23,11,CAM-SFN-010,30,18,00:27:00
993,2023-01-23,16,EXT-SALESIANAS-014,38,6,00:09:00
994,2023-01-23,15,EXT-SVP-018,30,6,00:09:00
995,2023-01-24,5,VES-FATIMAS-041,32,24,01:12:00
996,2023-01-26,17,FAL-ISABELGODIN-021,28,6,00:09:00
997,2023-01-26,20,PNT-CAQUI-034,38,12,00:36:00
998,2023-01-26,15,CAM-BLANCA-007,36,24,00:36:00
999,2023-01-26,5,EXT-CISNEROS-011,40,12,00:24:00
1000,2023-01-27,5,PNT-CAQUI-034,30,6,00:19:00
1001,2023-01-28,13,POL-SALESIANAS-037,30,12,00:06:00
1002,2023-01-28,22,INT-SMJ-030,30,24,00:36:00
1003,2023-01-28,16,EXT-SALESIANAS-014,34,12,00:18:00
1004,2023-01-30,13,FAL-AZUL-019,30,18,00:27:00
1005,2023-01-30,19,BLU-CAQUI-001,30,12,00:18:00
1006,2023-01-30,14,BLU-SPORT-006,32,6,00:06:30
1007,2023-01-30,18,POL-SVP-040,36,12,00:18:00
1008,2023-01-30,15,INT-STAR-031,28,18,00:27:00
1009,2023-01-30,16,VES-SMJ-043,28,18,00:27:00
1010,2023-02-01,5,CAM-BLANCA-007,40,24,00:34:00
1011,2023-02-02,22,BLU-SFN-005,28,6,00:09:00
1012,2023-02-03,22,BLU-SPORT-006,40,6,00:09:00
1013,2023-02-03,13,BLU-CAQUI-001,28,6,00:09:00
1014,2023-02-03,16,BLU-REDONDO-004,36,18,00:21:00
1015,2023-02-03,15,INT-SALESIANAS-028,38,12,00:18:00
1016,2023-02-04,15,BLU-SPORT-006,30,6,00:07:00
1017,2023-02-04,17,FAL-AZUL-019,32,12,00:18:00
1018,2023-02-04,11,EXT-SVP-018,32,24,00:36:00
1019,2023-02-06,15,POL-SVP-040,28,12,00:18:00
1020,2023-02-06,10,EXT-SFN-015,38,12,00:18:00
1021,2023-02-06,17,EXT-MALDONADO-013,34,6,00:09:00
1022,2023-02-06,13,EXT-SFN-015,38,6,00:14:30
1023,2023-02-06,21,PNT-AZUL-033,34,18,00:57:00
1024,2023-02-06,19,INT-STAR-031,32,6,00:08:00
1025,2023-02-06,14,FAL-ISABELGODIN-021,36,24,00:36:00
1026,2023-02-07,19,FAL-CAQUI-020,34,6,00:09:00
1027,2023-02-07,15,EXT-MJM-012,28,12,00:18:00
1028,2023-02-07,5,VES-FATIMAS-041,40,6,00:18:00
1029,2023-02-07,11,EXT-SMJ-016,30,6,00:09:00
1030,2023-02-08,18,INT-SALESIANAS-028,36,6,00:08:00
1031,2023-02-08,20,INT-MJM-026,32,6,00:08:00
1032,2023-02-08,21,EXT-SALESIANAS-014,28,6,00:09:00
1033,2023-02-08,5,INT-SMJ-030,40,6,00:08:30
1034,2023-02-10,5,INT-MALDONADO-027,30,6,00:08:30
1035,2023-02-10,16,BLU-SPORT-006,30,6,00:07:00
1036,2023-02-11,15,EXT-SVP-018,36,6,00:09:00
1037,2023-02-11,11,EXT-STAR-017,38,18,00:27:00
1038,2023-02-11,20,POL-SVP-040,30,6,00:04:00
1039,2023-02-13,21,POL-STAR-039,36,12,00:18:00
1040,2023-02-13,20,EXT-MJM-012,38,12,00:26:00
1041,2023-02-13,8,BLU-REDONDO-004,34,18,00:27:00
1042,2023-02-13,13,INT-CISNEROS-025,40,6,00:07:00
1043,2023-02-14,17,CAM-PLOMO-009,28,6,00:09:00
1044,2023-02-14,14,EXT-STAR-017,40,12,00:18:00
1045,2023-02-15,21,INT-SALESIANAS-028,28,6,00:09:00
1046,2023-02-15,11,VES-MJM-042,40,6,00:09:00
1047,2023-02-15,18,VES-SMJ-043,38,6,00:09:00
1048,2023-02-16,11,POL-SVP-040,38,12,00:18:00
1049,2023-02-16,22,BLU-SFN-005,30,6,00:09:00
1050,2023-02-16,17,FAL-PLOMA-022,36,6,00:09:00
1051,2023-02-17,18,POL-SVP-040,38,12,00:18:00
1052,2023-02-17,22,VES-FATIMAS-041,28,18,00:27:00
1053,2023-02-18,21,PNT-AZUL-033,36,6,00:19:00
1054,2023-02-18,14,CAM-SFN-010,36,6,00:08:30
1055,2023-02-20,10,EXT-SFN-015,40,6,00:09:00
1056,2023-02-20,16,FAL-PLOMA-022,28,18,00:27:00
1057,2023-02-21,14,BLU-SFN-005,32,18,00:19:30
1058,2023-02-21,11,BLU-REDONDO-004,28,6,00:09:00
1059,2023-02-22,10,FAL-ISABELGODIN-021,40,12,00:18:00
1060,2023-02-22,21,INT-SALESIANAS-028,36,24,00:36:00
1061,2023-02-22,13,BLU-CAQUI-001,28,12,00:18:00
1062,2023-02-23,11,PNT-AZUL-033,34,12,00:18:00
1063,2023-02-23,8,PNT-CAQUI-034,28,6,00:09:00
1064,2023-02-23,22,PNT-CAQUI-034,34,12,00:18:00
1065,2023-02-24,10,INT-SALESIANAS-028,38,12,00:18:00
1066,2023-02-24,17,FAL-PLOMA-022,30,12,00:18:00
1067,2023-02-24,22,EXT-SMJ-016,30,12,00:18:00
1068,2023-02-24,13,EXT-SVP-018,38,6,00:14:30
1069,2023-02-24,18,INT-SALESIANAS-028,40,6,00:08:00
1070,2023-02-25,18,INT-CISNEROS-025,28,12,00:16:00
1071,2023-02-25,21,EXT-MJM-012,36,12,00:18:00
1072,2023-02-27,11,CAM-PLOMO-009,38,6,00:09:00
1073,2023-02-27,8,EXT-SFN-015,36,12,00:18:00
1074,2023-02-27,18,INT-SVP-032,34,6,00:08:00
1075,2023-02-27,20,INT-MJM-026,36,6,00:08:00
1076,2023-02-27,21,FAL-PLOMA-022,30,6,00:09:00
1077,2023-02-27,17,FAL-CAQUI-020,36,6,00:09:00
1078,2023-02-28,5,EXT-MALDONADO-013,40,18,00:36:00
1079,2023-03-01,10,PNT-PLOMO-035,36,18,00:27:00
1080,2023-03-02,16,PNT-AZUL-033,40,6,00:09:00
1081,2023-03-02,18,INT-SFN-029,32,6,00:08:00
1082,2023-03-02,13,FAL-ISABELGODIN-021,34,6,00:09:00
1083,2023-03-03,15,VES-SMJ-043,40,6,00:09:00
1084,2023-03-03,19,INT-SVP-032,30,12,00:16:00
1085,2023-03-03,21,PNT-AZUL-033,36,6,00:19:00
1086,2023-03-04,5,EXT-SALESIANAS-014,36,6,00:12:00
1087,2023-03-06,14,FAL-CAQUI-020,28,18,00:27:00
1088,2023-03-06,8,EXT-STAR-017,40,12,00:18:00
1089,2023-03-06,18,VES-FATIMAS-041,28,24,00:36:00
1090,2023-03-06,22,CAM-SFN-010,40,18,00:25:30
1091,2023-03-06,15,POL-SVP-040,36,18,00:27:00
1092,2023-03-07,10,EXT-SVP-018,40,24,00:36:00
1093,2023-03-08,10,EXT-CISNEROS-011,32,18,00:27:00
1094,2023-03-09,11,INT-CISNEROS-025,32,6,00:09:00
1095,2023-03-10,22,EXT-STAR-017,34,6,00:09:00
1096,2023-03-10,15,PNT-PLOMO-035,38,12,00:18:00
1097,2023-03-11,21,BLU-SFN-005,28,18,00:27:00
1098,2023-03-13,10,EXT-STAR-017,38,12,00:18:00
1099,2023-03-13,19,CAM-CAQUI-008,30,6,00:09:00
1100,2023-03-13,21,FAL-SVP-024,32,18,00:27:00
1101,2023-03-13,22,INT-SVP-032,30,6,00:09:00
1102,2023-03-13,14,POL-SFN-038,28,18,00:27:00
1103,2023-03-13,16,POL-SFN-038,40,12,00:18:00
1104,2023-03-13,18,POL-SVP-040,28,24,00:36:00
1105,2023-03-13,11,INT-SVP-032,30,18,00:27:00
1106,2023-03-13,5,POL-SFN-038,36,6,00:03:00
1107,2023-03-13,20,PNT-AZUL-033,38,12,00:36:00
1108,2023-03-14,15,PNT-AZUL-033,38,24,00:36:00
1109,2023-03-15,5,BLU-PUNTA-002,38,6,00:06:00
1110,2023-03-15,10,CAM-PLOMO-009,32,6,00:09:00
1111,2023-03-16,20,EXT-STAR-017,32,12,00:26:00
1112,2023-03-16,5,POL-SALESIANAS-037,40,6,00:03:00
1113,2023-03-16,21,INT-MJM-026,36,24,00:36:00
1114,2023-03-17,21,POL-SALESIANAS-037,36,18,00:27:00
1115,2023-03-17,17,POL-STAR-039,32,6,00:09:00
1116,2023-03-17,11,EXT-CISNEROS-011,32,12,00:18:00
1117,2023-03-17,18,BLU-PLOMA-003,28,12,00:18:00
1118,2023-03-17,14,PNT-CAQUI-034,40,12,00:18:00
1119,2023-03-18,16,CAM-SFN-010,38,18,00:25:30
1120,2023-03-18,5,INT-SALESIANAS-028,30,12,00:17:00
1121,2023-03-18,19,BLU-CAQUI-001,28,24,00:36:00
1122,2023-03-20,18,EXT-CISNEROS-011,40,24,00:50:00
1123,2023-03-20,11,CAM-CAQUI-008,36,12,00:18:00
1124,2023-03-20,22,CAM-SFN-010,40,18,00:25:30
1125,2023-03-20,21,VES-FATIMAS-041,38,12,00:18:00
1126,2023-03-21,8,FAL-SALESIANAS-023,36,24,00:36:00
1127,2023-03-21,13,EXT-CISNEROS-011,40,12,00:29:00
1128,2023-03-21,16,INT-SFN-029,38,18,00:27:00
1129,2023-03-21,22,BLU-CAQUI-001,38,6,00:09:00
1130,2023-03-22,14,EXT-CISNEROS-011,28,12,00:18:00
1131,2023-03-22,17,BLU-PLOMA-003,38,12,00:18:00
1132,2023-03-24,17,INT-CISNEROS-025,38,18,00:27:00
1133,2023-03-25,5,CAM-CAQUI-008,36,6,00:08:30
1134,2023-03-25,15,FAL-SVP-024,30,18,00:27:00
1135,2023-03-25,8,INT-STAR-031,32,18,00:27:00
1136,2023-03-25,21,EXT-CISNEROS-011,40,18,00:27:00
1137,2023-03-27,16,CAM-BLANCA-007,32,6,00:08:30
1138,2023-03-27,15,PNT-CAQUI-034,28,6,00:09:00
1139,2023-03-27,13,FAL-ISABELGODIN-021,38,18,00:27:00
1140,2023-03-28,14,POL-STAR-039,30,18,00:27:00
1141,2023-03-28,20,POL-SVP-040,34,24,00:16:00
1142,2023-03-28,8,FAL-SVP-024,30,6,00:09:00
1143,2023-03-28,17,BLU-PLOMA-003,36,6,00:09:00
1144,2023-03-28,21,CAM-PLOMO-009,32,18,00:27:00
1145,2023-03-28,5,INT-MALDONADO-027,34,18,00:25:30
1146,2023-03-28,18,VES-FATIMAS-041,28,6,00:09:00
1147,2023-03-29,11,INT-STAR-031,30,6,00:09:00
1148,2023-03-29,19,CAM-PLOMO-009,30,12,00:18:00
1149,2023-03-29,16,FAL-AZUL-019,38,12,00:18:00
1150,2023-03-30,19,EXT-STAR-017,38,6,00:12:00
1151,2023-03-30,5,INT-SMJ-030,36,12,00:17:00
1152,2023-03-30,18,POL-SALESIANAS-037,36,18,00:27:00
1153,2023-04-01,14,INT-STAR-031,28,6,00:09:00
1154,2023-04-03,18,INT-CISNEROS-025,34,24,00:32:00
1155,2023-04-10,20,BLU-SFN-005,38,24,00:36:00
1156,2023-04-10,13,CAM-BLANCA-007,34,6,00:09:00
1157,2023-04-10,17,PNT-AZUL-033,40,6,00:09:00
1158,2023-04-11,8,INT-MALDONADO-027,28,6,00:09:00
1159,2023-04-13,10,INT-STAR-031,32,12,00:18:00
1160,2023-04-18,16,BLU-PUNTA-002,30,12,00:14:00
1161,2023-04-29,8,BLU-SPORT-006,36,18,00:27:00
1162,2023-05-03,21,INT-CISNEROS-025,36,6,00:09:00
1163,2023-05-08,22,INT-MJM-026,38,12,00:18:00
1164,2023-05-10,5,PNT-CAQUI-034,30,12,00:38:00
1165,2023-05-22,17,BLU-REDONDO-004,34,12,00:18:00
1166,2023-05-24,10,BLU-CAQUI-001,40,12,00:18:00
1167,2023-05-26,15,POL-SALESIANAS-037,40,6,00:09:00
1168,2023-05-27,10,INT-MALDONADO-027,40,6,00:09:00
1169,2023-05-29,16,FAL-SVP-024,30,6,00:09:00
1170,2023-06-12,18,BLU-CAQUI-001,28,12,00:18:00
1171,2023-06-12,15,BLU-SPORT-006,34,24,00:28:00
1172,2023-06-14,16,VES-FATIMAS-041,36,12,00:18:00
1173,2023-06-19,19,FAL-CAQUI-020,28,18,00:27:00
1174,2023-06-27,16,EXT-SVP-018,34,18,00:27:00
1175,2023-06-30,16,FAL-SVP-024,36,12,00:18:00
1176,2023-07-03,18,INT-SALESIANAS-028,28,18,00:24:00
1177,2023-07-06,14,EXT-MALDONADO-013,34,12,00:18:00
1178,2023-07-10,18,EXT-SALESIANAS-014,30,6,00:12:30
1179,2023-07-24,14,FAL-PLOMA-022,34,6,00:09:00
1180,2023-07-24,18,BLU-PLOMA-003,34,12,00:18:00
1181,2023-08-01,11,BLU-CAQUI-001,34,6,00:09:00
1182,2023-08-01,5,INT-SFN-029,36,18,00:25:30
1183,2023-08-01,13,BLU-SFN-005,34,24,00:24:00
1184,2023-08-03,8,EXT-SVP-018,32,6,00:09:00
1185,2023-08-03,20,INT-STAR-031,32,12,00:16:00
1186,2023-08-03,19,INT-SMJ-030,36,12,00:16:00
1187,2023-08-03,15,PNT-AZUL-033,36,24,00:36:00
1188,2023-08-04,22,VES-MJM-042,40,24,00:36:00
1189,2023-08-07,5,POL-SALESIANAS-037,38,18,00:09:00
1190,2023-08-08,10,POL-SALESIANAS-037,30,12,00:18:00
1191,2023-08-08,5,PNT-PLOMO-035,30,6,00:19:00
1192,2023-08-10,11,EXT-MJM-012,34,12,00:18:00
1193,2023-08-10,5,CAM-PLOMO-009,40,12,00:17:00
1194,2023-08-10,13,BLU-PUNTA-002,32,6,00:06:00
1195,2023-08-11,22,EXT-SFN-015,34,6,00:09:00
1196,2023-08-14,14,INT-SFN-029,28,6,00:09:00
1197,2023-08-17,22,CAM-SFN-010,32,24,00:34:00
1198,2023-08-17,19,EXT-MALDONADO-013,34,12,00:24:00
1199,2023-08-18,8,CAM-SFN-010,32,24,00:38:00
1200,2023-08-21,14,POL-SFN-038,36,6,00:09:00
1201,2023-08-21,17,EXT-STAR-017,38,12,00:18:00
1202,2023-08-23,15,FAL-ISABELGODIN-021,28,24,00:36:00
1203,2023-08-24,19,EXT-SVP-018,36,6,00:12:00
1204,2023-08-26,8,FAL-PLOMA-022,28,12,00:18:00
1205,2023-08-29,17,EXT-MJM-012,32,6,00:09:00
1206,2023-08-30,5,INT-MJM-026,32,18,00:25:30
1207,2024-01-01,21,EXT-MJM-012,30,12,00:18:00
1208,2024-01-01,15,CAM-CAQUI-008,34,12,00:18:00
1209,2024-01-02,17,FAL-SALESIANAS-023,28,18,00:27:00
1210,2024-01-02,16,BLU-CAQUI-001,34,6,00:09:00
1211,2024-01-03,14,INT-SMJ-030,36,12,00:18:00
1212,2024-01-03,17,INT-CISNEROS-025,40,12,00:18:00
1213,2024-01-05,8,CAM-PLOMO-009,30,12,00:19:00
1214,2024-01-05,10,POL-SFN-038,40,18,00:27:00
1215,2024-01-05,15,FAL-SVP-024,40,6,00:09:00
1216,2024-01-05,20,VES-SMJ-043,36,12,00:39:00
1217,2024-01-06,21,FAL-SVP-024,28,12,00:18:00
1218,2024-01-06,8,CAM-CAQUI-008,38,24,00:38:00
1219,2024-01-06,18,EXT-MALDONADO-013,30,12,00:25:00
1220,2024-01-08,13,EXT-SFN-015,40,24,00:58:00
1221,2024-01-08,8,VES-SMJ-043,30,6,00:09:00
1222,2024-01-08,19,EXT-SFN-015,34,6,00:12:00
1223,2024-01-08,16,FAL-AZUL-019,34,12,00:18:00
1224,2024-01-11,11,FAL-SALESIANAS-023,34,12,00:18:00
1225,2024-01-11,19,EXT-MJM-012,38,18,00:36:00
1226,2024-01-13,11,VES-FATIMAS-041,28,18,00:27:00
1227,2024-01-13,21,VES-MJM-042,32,12,00:18:00
1228,2024-01-13,14,BLU-SFN-005,38,18,00:19:30
1229,2024-01-13,15,FAL-SVP-024,34,12,00:18:00
1230,2024-01-13,8,FAL-SVP-024,36,12,00:18:00
1231,2024-01-15,8,EXT-STAR-017,36,12,00:18:00
1232,2024-01-16,13,FAL-AZUL-019,28,18,00:27:00
1233,2024-01-17,11,EXT-CISNEROS-011,30,6,00:09:00
1234,2024-01-17,8,FAL-AZUL-019,28,6,00:09:00
1235,2024-01-17,17,CAM-BLANCA-007,28,12,00:18:00
1236,2024-01-17,16,FAL-AZUL-019,34,12,00:18:00
1237,2024-01-17,22,FAL-CAQUI-020,38,6,00:09:00
1238,2024-01-17,10,EXT-STAR-017,36,18,00:27:00
1239,2024-01-18,17,EXT-STAR-017,34,12,00:18:00
1240,2024-01-18,11,EXT-MJM-012,36,6,00:09:00
1241,2024-01-18,16,FAL-ISABELGODIN-021,38,6,00:09:00
1242,2024-01-18,18,EXT-SALESIANAS-014,36,6,00:12:30
1243,2024-01-19,20,EXT-MALDONADO-013,28,6,00:13:00
1244,2024-01-19,13,PNT-PLOMO-035,38,18,00:54:00
1245,2024-01-19,5,INT-MJM-026,36,18,00:25:30
1246,2024-01-19,21,BLU-CAQUI-001,32,18,00:27:00
1247,2024-01-20,11,EXT-MJM-012,36,18,00:27:00
1248,2024-01-22,16,CAM-BLANCA-007,28,12,00:17:00
1249,2024-01-22,19,POL-BLANCA-036,40,6,00:09:00
1250,2024-01-22,8,BLU-PUNTA-002,36,6,00:09:00
1251,2024-01-22,14,INT-MJM-026,28,6,00:09:00
1252,2024-01-22,13,FAL-SVP-024,32,6,00:09:00
1253,2024-01-23,22,INT-SMJ-030,40,12,00:18:00
1254,2024-01-24,13,BLU-CAQUI-001,36,18,00:27:00
1255,2024-01-24,8,FAL-ISABELGODIN-021,32,6,00:09:00
1256,2024-01-25,13,CAM-CAQUI-008,38,6,00:09:00
1257,2024-01-25,20,CAM-SFN-010,32,6,00:08:30
1258,2024-01-25,19,EXT-MJM-012,28,6,00:12:00
1259,2024-01-25,16,PNT-AZUL-033,30,6,00:09:00
1260,2024-01-25,15,PNT-PLOMO-035,38,6,00:09:00
1261,2024-01-25,18,PNT-AZUL-033,38,6,00:09:00
1262,2024-01-26,22,INT-SMJ-030,28,6,00:09:00
1263,2024-01-26,13,CAM-CAQUI-008,32,6,00:09:00
1264,2024-01-26,15,FAL-CAQUI-020,40,12,00:18:00
1265,2024-01-27,10,EXT-CISNEROS-011,32,12,00:18:00
1266,2024-01-27,11,PNT-AZUL-033,32,6,00:09:00
1267,2024-01-29,5,PNT-AZUL-033,38,6,00:19:00
1268,2024-01-29,18,BLU-PUNTA-002,36,12,00:18:00
1269,2024-01-29,11,EXT-MJM-012,40,12,00:18:00
1270,2024-01-29,20,POL-BLANCA-036,34,6,00:04:00
1271,2024-01-29,14,EXT-MJM-012,30,12,00:18:00
1272,2024-01-29,22,PNT-AZUL-033,34,12,00:18:00
1273,2024-01-30,11,POL-BLANCA-036,28,6,00:09:00
1274,2024-01-30,22,INT-SMJ-030,40,12,00:18:00
1275,2024-02-01,10,PNT-AZUL-033,36,18,00:27:00
1276,2024-02-01,22,BLU-REDONDO-004,28,12,00:18:00
1277,2024-02-02,8,INT-SALESIANAS-028,38,18,00:27:00
1278,2024-02-02,17,BLU-SPORT-006,40,18,00:27:00
1279,2024-02-02,19,INT-SFN-029,40,6,00:08:00
1280,2024-02-02,22,EXT-MJM-012,30,6,00:09:00
1281,2024-02-02,11,PNT-PLOMO-035,28,24,00:36:00
1282,2024-02-03,15,BLU-PUNTA-002,28,6,00:07:00
1283,2024-02-03,20,INT-CISNEROS-025,30,12,00:16:00
1284,2024-02-05,19,FAL-ISABELGODIN-021,36,6,00:09:00
1285,2024-02-05,22,BLU-PUNTA-002,30,24,00:36:00
1286,2024-02-05,21,BLU-SFN-005,34,12,00:18:00
1287,2024-02-05,16,PNT-PLOMO-035,38,18,00:27:00
1288,2024-02-05,10,EXT-SALESIANAS-014,34,6,00:09:00
1289,2024-02-05,8,BLU-SFN-005,28,6,00:09:00
1290,2024-02-05,18,BLU-CAQUI-001,28,6,00:09:00
1291,2024-02-05,11,POL-BLANCA-036,38,12,00:18:00
1292,2024-02-05,17,FAL-SALESIANAS-023,32,6,00:09:00
1293,2024-02-06,10,FAL-ISABELGODIN-021,34,12,00:18:00
1294,2024-02-06,16,EXT-SALESIANAS-014,30,24,00:36:00
1295,2024-02-06,21,INT-SALESIANAS-028,38,18,00:27:00
1296,2024-02-06,13,POL-SVP-040,40,12,00:06:00
1297,2024-02-06,19,POL-SVP-040,30,18,00:27:00
1298,2024-02-07,19,VES-SMJ-043,34,12,00:18:00
1299,2024-02-07,14,FAL-SALESIANAS-023,32,6,00:09:00
1300,2024-02-07,13,INT-STAR-031,28,24,00:28:00
1301,2024-02-08,11,INT-SVP-032,34,24,00:36:00
1302,2024-02-08,19,EXT-MALDONADO-013,28,6,00:12:00
1303,2024-02-08,8,EXT-MALDONADO-013,32,24,00:36:00
1304,2024-02-08,15,POL-STAR-039,34,18,00:27:00
1305,2024-02-08,5,BLU-SPORT-006,38,6,00:06:00
1306,2024-02-09,16,EXT-SVP-018,34,18,00:27:00
1307,2024-02-10,16,INT-SALESIANAS-028,32,12,00:18:00
1308,2024-02-12,8,BLU-SFN-005,28,6,00:09:00
1309,2024-02-13,14,POL-STAR-039,32,18,00:27:00
1310,2024-02-13,13,INT-MALDONADO-027,40,6,00:07:00
1311,2024-02-13,18,EXT-SMJ-016,34,12,00:25:00
1312,2024-02-13,16,INT-STAR-031,30,18,00:27:00
1313,2024-02-13,8,INT-MJM-026,28,12,00:18:00
1314,2024-02-13,5,CAM-BLANCA-007,38,12,00:17:00
1315,2024-02-14,21,FAL-SALESIANAS-023,28,12,00:18:00
1316,2024-02-14,10,EXT-MJM-012,32,6,00:09:00
1317,2024-02-14,14,FAL-PLOMA-022,38,24,00:36:00
1318,2024-02-15,17,BLU-PUNTA-002,28,12,00:18:00
1319,2024-02-15,19,EXT-STAR-017,38,6,00:12:00
1320,2024-02-15,14,BLU-SFN-005,28,18,00:19:30
1321,2024-02-16,18,VES-FATIMAS-041,34,12,00:18:00
1322,2024-02-17,17,BLU-PLOMA-003,36,12,00:18:00
1323,2024-02-19,17,FAL-SALESIANAS-023,30,18,00:27:00
1324,2024-02-19,13,FAL-ISABELGODIN-021,40,12,00:18:00
1325,2024-02-19,5,CAM-BLANCA-007,38,18,00:25:30
1326,2024-02-19,18,BLU-PUNTA-002,40,18,00:27:00
1327,2024-02-20,8,BLU-CAQUI-001,28,12,00:18:00
1328,2024-02-21,14,CAM-BLANCA-007,32,6,00:08:30
1329,2024-02-21,10,POL-SFN-038,30,18,00:27:00
1330,2024-02-22,20,EXT-SALESIANAS-014,36,24,00:52:00
1331,2024-02-22,13,EXT-STAR-017,38,6,00:14:30
1332,2024-02-23,17,BLU-CAQUI-001,36,6,00:09:00
1333,2024-02-23,21,INT-MJM-026,32,12,00:18:00
1334,2024-02-24,14,POL-SVP-040,36,24,00:36:00
1335,2024-02-26,22,EXT-MJM-012,38,24,00:36:00
1336,2024-02-26,19,FAL-AZUL-019,38,6,00:09:00
1337,2024-02-26,5,INT-SMJ-030,34,12,00:17:00
1338,2024-02-26,18,FAL-AZUL-019,32,18,00:27:00
1339,2024-02-26,14,CAM-PLOMO-009,40,6,00:08:30
1340,2024-02-27,8,FAL-SALESIANAS-023,34,6,00:09:00
1341,2024-02-27,19,EXT-SMJ-016,40,6,00:12:00
1342,2024-02-28,16,EXT-STAR-017,28,18,00:27:00
1343,2024-02-28,17,BLU-PUNTA-002,30,6,00:09:00
1344,2024-02-28,22,INT-SMJ-030,38,18,00:27:00
1345,2024-03-01,22,VES-FATIMAS-041,40,24,00:36:00
1346,2024-03-02,11,BLU-PUNTA-002,30,24,00:36:00
1347,2024-03-02,22,FAL-SVP-024,34,12,00:18:00
1348,2024-03-02,21,POL-SFN-038,28,6,00:09:00
1349,2024-03-02,15,BLU-SFN-005,38,12,00:14:00
1350,2024-03-02,10,EXT-CISNEROS-011,38,6,00:09:00
1351,2024-03-04,11,EXT-SMJ-016,40,6,00:09:00
1352,2024-03-04,16,FAL-ISABELGODIN-021,36,18,00:27:00
1353,2024-03-04,15,EXT-STAR-017,32,12,00:18:00
1354,2024-03-05,8,EXT-SFN-015,34,18,00:27:00
1355,2024-03-06,11,POL-BLANCA-036,32,24,00:36:00
1356,2024-03-06,8,PNT-CAQUI-034,38,6,00:09:00
1357,2024-03-06,16,VES-MJM-042,30,18,00:27:00
1358,2024-03-07,16,CAM-PLOMO-009,34,6,00:08:30
1359,2024-03-07,20,POL-STAR-039,36,6,00:04:00
1360,2024-03-07,15,FAL-SALESIANAS-023,40,6,00:09:00
1361,2024-03-07,14,INT-SMJ-030,28,18,00:27:00
1362,2024-03-08,18,FAL-PLOMA-022,36,12,00:18:00
1363,2024-03-08,19,VES-SMJ-043,32,12,00:18:00
1364,2024-03-08,8,INT-SMJ-030,36,12,00:18:00
1365,2024-03-08,17,EXT-MALDONADO-013,34,6,00:09:00
1366,2024-03-08,15,INT-CISNEROS-025,36,24,00:36:00
1367,2024-03-09,10,INT-CISNEROS-025,38,6,00:09:00
1368,2024-03-09,13,PNT-AZUL-033,32,6,00:18:00
1369,2024-03-11,10,BLU-CAQUI-001,40,18,00:27:00
1370,2024-03-11,22,EXT-MJM-012,32,6,00:09:00
1371,2024-03-11,21,BLU-SFN-005,28,6,00:09:00
1372,2024-03-11,14,BLU-SPORT-006,30,12,00:13:00
1373,2024-03-11,17,BLU-SFN-005,38,12,00:18:00
1374,2024-03-12,22,EXT-SVP-018,32,12,00:18:00
1375,2024-03-12,8,INT-MALDONADO-027,28,18,00:27:00
1376,2024-03-12,20,CAM-SFN-010,32,6,00:08:30
1377,2024-03-12,16,EXT-MALDONADO-013,40,6,00:09:00
1378,2024-03-13,16,CAM-SFN-010,40,6,00:08:30
1379,2024-03-13,21,EXT-SVP-018,28,18,00:27:00
1380,2024-03-13,22,EXT-STAR-017,32,12,00:18:00
1381,2024-03-13,14,CAM-SFN-010,28,18,00:25:30
1382,2024-03-13,11,BLU-PUNTA-002,34,12,00:18:00
1383,2024-03-14,21,EXT-SVP-018,40,6,00:09:00
1384,2024-03-15,20,INT-CISNEROS-025,34,18,00:24:00
1385,2024-03-15,21,POL-SALESIANAS-037,28,6,00:09:00
1386,2024-03-15,8,BLU-CAQUI-001,32,18,00:27:00
1387,2024-03-15,15,EXT-MJM-012,32,6,00:09:00
1388,2024-03-15,5,FAL-SALESIANAS-023,28,18,00:25:30
1389,2024-03-16,5,EXT-MALDONADO-013,30,6,00:12:00
1390,2024-03-16,14,FAL-SALESIANAS-023,32,6,00:09:00
1391,2024-03-16,10,INT-SMJ-030,38,18,00:27:00
1392,2024-03-18,18,INT-SFN-029,38,6,00:08:00
1393,2024-03-18,22,INT-STAR-031,40,6,00:09:00
1394,2024-03-18,17,POL-STAR-039,32,6,00:09:00
1395,2024-03-18,19,EXT-SVP-018,38,12,00:24:00
1396,2024-03-18,15,INT-SFN-029,36,12,00:18:00
1397,2024-03-19,8,POL-SFN-038,38,12,00:08:00
1398,2024-03-19,5,POL-SVP-040,34,6,00:03:00
1399,2024-03-19,17,EXT-SVP-018,30,6,00:09:00
1400,2024-03-19,21,INT-STAR-031,30,12,00:18:00
1401,2024-03-20,15,POL-SALESIANAS-037,40,12,00:18:00
1402,2024-03-20,16,FAL-SALESIANAS-023,28,18,00:27:00
1403,2024-03-21,20,INT-SVP-032,40,6,00:08:00
1404,2024-03-21,15,EXT-SALESIANAS-014,38,18,00:27:00
1405,2024-03-21,16,VES-FATIMAS-041,28,12,00:18:00
1406,2024-03-21,22,PNT-PLOMO-035,34,6,00:09:00
1407,2024-03-21,10,BLU-PUNTA-002,38,12,00:18:00
1408,2024-03-22,11,PNT-PLOMO-035,38,6,00:09:00
1409,2024-03-22,10,FAL-PLOMA-022,30,24,00:36:00
1410,2024-03-23,5,INT-SMJ-030,34,18,00:25:30
1411,2024-03-23,22,FAL-PLOMA-022,28,18,00:27:00
1412,2024-03-23,11,INT-SALESIANAS-028,34,6,00:09:00
1413,2024-03-23,16,INT-SFN-029,40,12,00:18:00
1414,2024-03-25,17,POL-SFN-038,28,6,00:09:00
1415,2024-03-25,10,BLU-PUNTA-002,30,12,00:18:00
1416,2024-03-25,20,BLU-PUNTA-002,28,18,00:27:00
1417,2024-03-25,13,POL-BLANCA-036,28,18,00:09:00
1418,2024-03-25,14,FAL-SVP-024,40,12,00:18:00
1419,2024-03-25,22,INT-STAR-031,36,18,00:27:00
1420,2024-03-25,18,INT-MALDONADO-027,36,6,00:08:00
1421,2024-03-26,20,EXT-MALDONADO-013,38,12,00:26:00
1422,2024-03-26,11,EXT-MALDONADO-013,32,6,00:09:00
1423,2024-03-26,10,INT-SMJ-030,40,12,00:18:00
1424,2024-03-27,18,PNT-PLOMO-035,32,6,00:09:00
1425,2024-03-28,18,POL-SALESIANAS-037,36,12,00:18:00
1426,2024-03-29,21,BLU-SFN-005,32,6,00:09:00
1427,2024-03-29,8,CAM-SFN-010,40,12,00:19:00
1428,2024-03-29,14,INT-SFN-029,28,6,00:09:00
1429,2024-03-30,11,FAL-SALESIANAS-023,28,12,00:18:00
1430,2024-03-30,18,INT-SMJ-030,38,6,00:08:00
1431,2024-03-30,14,BLU-REDONDO-004,36,12,00:13:00
1432,2024-03-30,16,INT-SVP-032,38,24,00:36:00
1433,2024-04-06,21,VES-MJM-042,32,12,00:18:00
1434,2024-04-06,19,INT-SFN-029,28,6,00:08:00
1435,2024-04-09,19,INT-MJM-026,28,6,00:08:00
1436,2024-04-13,10,VES-FATIMAS-041,40,6,00:09:00
1437,2024-04-19,8,INT-CISNEROS-025,34,6,00:09:00
1438,2024-04-29,21,BLU-CAQUI-001,28,6,00:09:00
1439,2024-04-29,20,PNT-PLOMO-035,30,24,01:12:00
1440,2024-04-30,14,INT-SALESIANAS-028,30,6,00:09:00
1441,2024-05-02,22,FAL-AZUL-019,34,6,00:09:00
1442,2024-05-08,14,INT-SVP-032,32,24,00:36:00
1443,2024-05-11,20,EXT-CISNEROS-011,32,12,00:26:00
1444,2024-05-13,19,BLU-SFN-005,28,12,00:18:00
1445,2024-05-14,17,VES-FATIMAS-041,36,24,00:36:00
1446,2024-05-14,16,FAL-CAQUI-020,32,18,00:27:00
1447,2024-05-24,21,VES-FATIMAS-041,34,6,00:09:00
1448,2024-05-27,10,INT-MJM-026,30,12,00:18:00
1449,2024-05-28,15,FAL-SVP-024,40,12,00:18:00
1450,2024-05-29,10,CAM-BLANCA-007,28,18,00:27:00
1451,2024-06-08,11,EXT-STAR-017,34,18,00:27:00
1452,2024-06-12,8,CAM-PLOMO-009,38,12,00:19:00
1453,2024-06-14,10,INT-MALDONADO-027,32,6,00:09:00
1454,2024-06-18,16,BLU-SFN-005,36,24,00:28:00
1455,2024-07-01,16,BLU-SPORT-006,36,18,00:21:00
1456,2024-07-16,8,BLU-PUNTA-002,28,6,00:09:00
1457,2024-07-18,5,INT-SVP-032,32,18,00:25:30
1458,2024-07-22,10,INT-SFN-029,28,12,00:18:00
1459,2024-07-22,21,BLU-SFN-005,38,6,00:09:00
1460,2024-07-29,11,VES-SMJ-043,40,18,00:27:00
1461,2024-07-30,18,VES-FATIMAS-041,34,6,00:09:00
1462,2024-08-02,19,CAM-BLANCA-007,28,6,00:09:00
1463,2024-08-03,8,INT-SALESIANAS-028,34,12,00:18:00
1464,2024-08-03,5,FAL-SALESIANAS-023,32,6,00:08:30
1465,2024-08-05,20,CAM-SFN-010,34,18,00:25:30
1466,2024-08-05,17,EXT-CISNEROS-011,38,6,00:09:00
1467,2024-08-06,14,CAM-SFN-010,38,18,00:25:30
1468,2024-08-10,22,FAL-CAQUI-020,40,18,00:27:00
1469,2024-08-10,16,INT-SALESIANAS-028,36,6,00:09:00
1470,2024-08-12,18,INT-MALDONADO-027,40,12,00:16:00
1471,2024-08-12,20,FAL-PLOMA-022,40,6,00:09:30
1472,2024-08-12,14,POL-SALESIANAS-037,32,12,00:18:00
1473,2024-08-14,10,INT-SALESIANAS-028,30,18,00:27:00
1474,2024-08-15,21,CAM-BLANCA-007,30,18,00:27:00
1475,2024-08-16,20,POL-SFN-038,38,6,00:04:00
1476,2024-08-19,16,VES-SMJ-043,30,6,00:09:00
1477,2024-08-19,10,POL-BLANCA-036,30,6,00:09:00
1478,2024-08-20,20,POL-SVP-040,40,6,00:04:00
1479,2024-08-20,11,EXT-STAR-017,28,6,00:09:00
1480,2024-08-21,19,INT-CISNEROS-025,40,12,00:16:00
1481,2024-08-21,16,INT-MALDONADO-027,32,12,00:18:00
1482,2024-08-22,14,FAL-AZUL-019,38,6,00:09:00
1483,2024-08-27,5,INT-MALDONADO-027,40,6,00:08:30
1484,2024-08-28,15,PNT-CAQUI-034,28,18,00:27:00
1485,2024-08-29,14,FAL-AZUL-019,36,24,00:36:00
1486,2024-08-29,20,INT-SVP-032,28,18,00:24:00
1487,2024-08-31,14,POL-SFN-038,36,6,00:09:00
1488,2024-08-31,13,POL-SALESIANAS-037,40,12,00:06:00
1489,2024-08-31,20,PNT-AZUL-033,38,12,00:36:00